/*
Navicat MySQL Data Transfer

Source Server         : localhost
Source Server Version : 80013
Source Host           : localhost:3306
Source Database       : zjyrdf_activiti

Target Server Type    : MYSQL
Target Server Version : 80013
File Encoding         : 65001

Date: 2019-06-20 17:02:11
*/

SET FOREIGN_KEY_CHECKS=0;

-- ----------------------------
-- Table structure for act_evt_log
-- ----------------------------
DROP TABLE IF EXISTS `act_evt_log`;
CREATE TABLE `act_evt_log` (
  `LOG_NR_` bigint(20) NOT NULL AUTO_INCREMENT,
  `TYPE_` varchar(64) COLLATE utf8_bin DEFAULT NULL,
  `PROC_DEF_ID_` varchar(64) COLLATE utf8_bin DEFAULT NULL,
  `PROC_INST_ID_` varchar(64) COLLATE utf8_bin DEFAULT NULL,
  `EXECUTION_ID_` varchar(64) COLLATE utf8_bin DEFAULT NULL,
  `TASK_ID_` varchar(64) COLLATE utf8_bin DEFAULT NULL,
  `TIME_STAMP_` timestamp(3) NOT NULL,
  `USER_ID_` varchar(255) COLLATE utf8_bin DEFAULT NULL,
  `DATA_` longblob,
  `LOCK_OWNER_` varchar(255) COLLATE utf8_bin DEFAULT NULL,
  `LOCK_TIME_` timestamp(3) NULL DEFAULT NULL,
  `IS_PROCESSED_` tinyint(4) DEFAULT '0',
  PRIMARY KEY (`LOG_NR_`)
) ENGINE=InnoDB DEFAULT CHARSET=utf8 COLLATE=utf8_bin;

-- ----------------------------
-- Records of act_evt_log
-- ----------------------------

-- ----------------------------
-- Table structure for act_ge_bytearray
-- ----------------------------
DROP TABLE IF EXISTS `act_ge_bytearray`;
CREATE TABLE `act_ge_bytearray` (
  `ID_` varchar(64) COLLATE utf8_bin NOT NULL,
  `REV_` int(11) DEFAULT NULL,
  `NAME_` varchar(255) COLLATE utf8_bin DEFAULT NULL,
  `DEPLOYMENT_ID_` varchar(64) COLLATE utf8_bin DEFAULT NULL,
  `BYTES_` longblob,
  `GENERATED_` tinyint(4) DEFAULT NULL,
  PRIMARY KEY (`ID_`),
  KEY `ACT_FK_BYTEARR_DEPL` (`DEPLOYMENT_ID_`),
  CONSTRAINT `ACT_FK_BYTEARR_DEPL` FOREIGN KEY (`DEPLOYMENT_ID_`) REFERENCES `act_re_deployment` (`id_`)
) ENGINE=InnoDB DEFAULT CHARSET=utf8 COLLATE=utf8_bin;

-- ----------------------------
-- Records of act_ge_bytearray
-- ----------------------------
INSERT INTO `act_ge_bytearray` VALUES ('2', '1', 'D:\\IDEA-workspace\\zjyFFD-activiti\\target\\classes\\processes\\process01.bpmn', '1', 0x3C3F786D6C2076657273696F6E3D22312E302220656E636F64696E673D225554462D38223F3E0D0A3C646566696E6974696F6E7320786D6C6E733D22687474703A2F2F7777772E6F6D672E6F72672F737065632F42504D4E2F32303130303532342F4D4F44454C2220786D6C6E733A7873693D22687474703A2F2F7777772E77332E6F72672F323030312F584D4C536368656D612D696E7374616E63652220786D6C6E733A7873643D22687474703A2F2F7777772E77332E6F72672F323030312F584D4C536368656D612220786D6C6E733A61637469766974693D22687474703A2F2F61637469766974692E6F72672F62706D6E2220786D6C6E733A62706D6E64693D22687474703A2F2F7777772E6F6D672E6F72672F737065632F42504D4E2F32303130303532342F44492220786D6C6E733A6F6D6764633D22687474703A2F2F7777772E6F6D672E6F72672F737065632F44442F32303130303532342F44432220786D6C6E733A6F6D6764693D22687474703A2F2F7777772E6F6D672E6F72672F737065632F44442F32303130303532342F44492220747970654C616E67756167653D22687474703A2F2F7777772E77332E6F72672F323030312F584D4C536368656D61222065787072657373696F6E4C616E67756167653D22687474703A2F2F7777772E77332E6F72672F313939392F585061746822207461726765744E616D6573706163653D22687474703A2F2F7777772E61637469766974692E6F72672F74657374223E0D0A20203C70726F636573732069643D226D7950726F6365737322206E616D653D224D792070726F636573732220697345786563757461626C653D2274727565223E0D0A202020203C73746172744576656E742069643D2273746172746576656E743122206E616D653D225374617274223E3C2F73746172744576656E743E0D0A202020203C757365725461736B2069643D22757365727461736B3122206E616D653D22E58F91E5B883E9A284E8ADA6E794B3E8AFB7223E3C2F757365725461736B3E0D0A202020203C757365725461736B2069643D22757365727461736B3222206E616D653D22E9A284E8ADA6E5A484E7BDAE223E3C2F757365725461736B3E0D0A202020203C73657175656E6365466C6F772069643D22666C6F77332220736F757263655265663D2273746172746576656E743122207461726765745265663D22757365727461736B31223E3C2F73657175656E6365466C6F773E0D0A202020203C73657175656E6365466C6F772069643D22666C6F77342220736F757263655265663D22757365727461736B3122207461726765745265663D22757365727461736B32223E3C2F73657175656E6365466C6F773E0D0A202020203C757365725461736B2069643D22757365727461736B3322206E616D653D22E6B688E8ADA6E794B3E8AFB7223E3C2F757365725461736B3E0D0A202020203C73657175656E6365466C6F772069643D22666C6F77352220736F757263655265663D22757365727461736B3222207461726765745265663D22757365727461736B33223E3C2F73657175656E6365466C6F773E0D0A202020203C757365725461736B2069643D22757365727461736B3422206E616D653D22E5AEA1E6A0B8E6B688E8ADA6223E3C2F757365725461736B3E0D0A202020203C73657175656E6365466C6F772069643D22666C6F77362220736F757263655265663D22757365727461736B3322207461726765745265663D22757365727461736B34223E3C2F73657175656E6365466C6F773E0D0A202020203C6578636C7573697665476174657761792069643D226578636C7573697665676174657761793122206E616D653D224578636C75736976652047617465776179223E3C2F6578636C7573697665476174657761793E0D0A202020203C73657175656E6365466C6F772069643D22666C6F77372220736F757263655265663D22757365727461736B3422207461726765745265663D226578636C75736976656761746577617931223E3C2F73657175656E6365466C6F773E0D0A202020203C73657175656E6365466C6F772069643D22666C6F77382220736F757263655265663D226578636C7573697665676174657761793122207461726765745265663D22757365727461736B32223E3C2F73657175656E6365466C6F773E0D0A202020203C656E644576656E742069643D22656E646576656E743122206E616D653D22456E64223E3C2F656E644576656E743E0D0A202020203C73657175656E6365466C6F772069643D22666C6F77392220736F757263655265663D226578636C7573697665676174657761793122207461726765745265663D22656E646576656E7431223E3C2F73657175656E6365466C6F773E0D0A20203C2F70726F636573733E0D0A20203C62706D6E64693A42504D4E4469616772616D2069643D2242504D4E4469616772616D5F6D7950726F63657373223E0D0A202020203C62706D6E64693A42504D4E506C616E652062706D6E456C656D656E743D226D7950726F63657373222069643D2242504D4E506C616E655F6D7950726F63657373223E0D0A2020202020203C62706D6E64693A42504D4E53686170652062706D6E456C656D656E743D2273746172746576656E7431222069643D2242504D4E53686170655F73746172746576656E7431223E0D0A20202020202020203C6F6D6764633A426F756E6473206865696768743D2233352E30222077696474683D2233352E302220783D223331372E373238343939343838393339362220793D22302E30223E3C2F6F6D6764633A426F756E64733E0D0A2020202020203C2F62706D6E64693A42504D4E53686170653E0D0A2020202020203C62706D6E64693A42504D4E53686170652062706D6E456C656D656E743D22757365727461736B31222069643D2242504D4E53686170655F757365727461736B31223E0D0A20202020202020203C6F6D6764633A426F756E6473206865696768743D2235352E30222077696474683D223130352E302220783D223233312E343433313436363538373135332220793D223131332E3831333739343335333831363732223E3C2F6F6D6764633A426F756E64733E0D0A2020202020203C2F62706D6E64693A42504D4E53686170653E0D0A2020202020203C62706D6E64693A42504D4E53686170652062706D6E456C656D656E743D22757365727461736B32222069643D2242504D4E53686170655F757365727461736B32223E0D0A20202020202020203C6F6D6764633A426F756E6473206865696768743D2235352E30222077696474683D223130352E302220783D223136312E32393430393233303037333338342220793D223238332E31363835393237373235303236223E3C2F6F6D6764633A426F756E64733E0D0A2020202020203C2F62706D6E64693A42504D4E53686170653E0D0A2020202020203C62706D6E64693A42504D4E53686170652062706D6E456C656D656E743D22757365727461736B33222069643D2242504D4E53686170655F757365727461736B33223E0D0A20202020202020203C6F6D6764633A426F756E6473206865696768743D2235352E30222077696474683D223130352E302220783D22302E302220793D223336372E39393234353730323032353031223E3C2F6F6D6764633A426F756E64733E0D0A2020202020203C2F62706D6E64693A42504D4E53686170653E0D0A2020202020203C62706D6E64693A42504D4E53686170652062706D6E456C656D656E743D22757365727461736B34222069643D2242504D4E53686170655F757365727461736B34223E0D0A20202020202020203C6F6D6764633A426F756E6473206865696768743D2235352E30222077696474683D223130352E302220783D223131322E37343534363237353335343932352220793D223531312E31363833333736323030343234223E3C2F6F6D6764633A426F756E64733E0D0A2020202020203C2F62706D6E64693A42504D4E53686170653E0D0A2020202020203C62706D6E64693A42504D4E53686170652062706D6E456C656D656E743D226578636C75736976656761746577617931222069643D2242504D4E53686170655F6578636C75736976656761746577617931223E0D0A20202020202020203C6F6D6764633A426F756E6473206865696768743D2234302E30222077696474683D2234302E302220783D223236342E333637313836373633383232372220793D223432342E3836343539313839363431383335223E3C2F6F6D6764633A426F756E64733E0D0A2020202020203C2F62706D6E64693A42504D4E53686170653E0D0A2020202020203C62706D6E64693A42504D4E53686170652062706D6E456C656D656E743D22656E646576656E7431222069643D2242504D4E53686170655F656E646576656E7431223E0D0A20202020202020203C6F6D6764633A426F756E6473206865696768743D2233352E30222077696474683D2233352E302220783D223431322E333935333039393838333633312220793D223435382E3335323330363134393536323235223E3C2F6F6D6764633A426F756E64733E0D0A2020202020203C2F62706D6E64693A42504D4E53686170653E0D0A2020202020203C62706D6E64693A42504D4E456467652062706D6E456C656D656E743D22666C6F7733222069643D2242504D4E456467655F666C6F7733223E0D0A20202020202020203C6F6D6764693A776179706F696E7420783D223232352E302220793D223338372E30223E3C2F6F6D6764693A776179706F696E743E0D0A20202020202020203C6F6D6764693A776179706F696E7420783D223330302E302220793D223338372E30223E3C2F6F6D6764693A776179706F696E743E0D0A2020202020203C2F62706D6E64693A42504D4E456467653E0D0A2020202020203C62706D6E64693A42504D4E456467652062706D6E456C656D656E743D22666C6F7734222069643D2242504D4E456467655F666C6F7734223E0D0A20202020202020203C6F6D6764693A776179706F696E7420783D223430352E302220793D223338372E30223E3C2F6F6D6764693A776179706F696E743E0D0A20202020202020203C6F6D6764693A776179706F696E7420783D223436302E302220793D223338372E30223E3C2F6F6D6764693A776179706F696E743E0D0A2020202020203C2F62706D6E64693A42504D4E456467653E0D0A2020202020203C62706D6E64693A42504D4E456467652062706D6E456C656D656E743D22666C6F7735222069643D2242504D4E456467655F666C6F7735223E0D0A20202020202020203C6F6D6764693A776179706F696E7420783D223536352E302220793D223338372E30223E3C2F6F6D6764693A776179706F696E743E0D0A20202020202020203C6F6D6764693A776179706F696E7420783D223631302E302220793D223338372E30223E3C2F6F6D6764693A776179706F696E743E0D0A2020202020203C2F62706D6E64693A42504D4E456467653E0D0A2020202020203C62706D6E64693A42504D4E456467652062706D6E456C656D656E743D22666C6F7736222069643D2242504D4E456467655F666C6F7736223E0D0A20202020202020203C6F6D6764693A776179706F696E7420783D223731352E302220793D223338372E30223E3C2F6F6D6764693A776179706F696E743E0D0A20202020202020203C6F6D6764693A776179706F696E7420783D223736302E302220793D223338372E30223E3C2F6F6D6764693A776179706F696E743E0D0A2020202020203C2F62706D6E64693A42504D4E456467653E0D0A2020202020203C62706D6E64693A42504D4E456467652062706D6E456C656D656E743D22666C6F7737222069643D2242504D4E456467655F666C6F7737223E0D0A20202020202020203C6F6D6764693A776179706F696E7420783D223836352E302220793D223338372E30223E3C2F6F6D6764693A776179706F696E743E0D0A20202020202020203C6F6D6764693A776179706F696E7420783D223931302E302220793D223338382E30223E3C2F6F6D6764693A776179706F696E743E0D0A2020202020203C2F62706D6E64693A42504D4E456467653E0D0A2020202020203C62706D6E64693A42504D4E456467652062706D6E456C656D656E743D22666C6F7738222069643D2242504D4E456467655F666C6F7738223E0D0A20202020202020203C6F6D6764693A776179706F696E7420783D223933302E302220793D223336382E30223E3C2F6F6D6764693A776179706F696E743E0D0A20202020202020203C6F6D6764693A776179706F696E7420783D223932392E302220793D223238372E30223E3C2F6F6D6764693A776179706F696E743E0D0A20202020202020203C6F6D6764693A776179706F696E7420783D223531322E302220793D223238372E30223E3C2F6F6D6764693A776179706F696E743E0D0A20202020202020203C6F6D6764693A776179706F696E7420783D223531322E302220793D223336302E30223E3C2F6F6D6764693A776179706F696E743E0D0A2020202020203C2F62706D6E64693A42504D4E456467653E0D0A2020202020203C62706D6E64693A42504D4E456467652062706D6E456C656D656E743D22666C6F7739222069643D2242504D4E456467655F666C6F7739223E0D0A20202020202020203C6F6D6764693A776179706F696E7420783D223935302E302220793D223338382E30223E3C2F6F6D6764693A776179706F696E743E0D0A20202020202020203C6F6D6764693A776179706F696E7420783D223939352E302220793D223338382E30223E3C2F6F6D6764693A776179706F696E743E0D0A2020202020203C2F62706D6E64693A42504D4E456467653E0D0A202020203C2F62706D6E64693A42504D4E506C616E653E0D0A20203C2F62706D6E64693A42504D4E4469616772616D3E0D0A3C2F646566696E6974696F6E733E, '0');
INSERT INTO `act_ge_bytearray` VALUES ('3', '1', 'D:\\IDEA-workspace\\zjyFFD-activiti\\target\\classes\\processes\\DangerProcess.bpmn', '1', 0x3C3F786D6C2076657273696F6E3D22312E302220656E636F64696E673D225554462D38223F3E0A3C646566696E6974696F6E7320786D6C6E733D22687474703A2F2F7777772E6F6D672E6F72672F737065632F42504D4E2F32303130303532342F4D4F44454C2220786D6C6E733A7873693D22687474703A2F2F7777772E77332E6F72672F323030312F584D4C536368656D612D696E7374616E63652220786D6C6E733A61637469766974693D22687474703A2F2F61637469766974692E6F72672F62706D6E2220786D6C6E733A62706D6E64693D22687474703A2F2F7777772E6F6D672E6F72672F737065632F42504D4E2F32303130303532342F44492220786D6C6E733A6F6D6764633D22687474703A2F2F7777772E6F6D672E6F72672F737065632F44442F32303130303532342F44432220786D6C6E733A6F6D6764693D22687474703A2F2F7777772E6F6D672E6F72672F737065632F44442F32303130303532342F44492220786D6C6E733A7873643D22687474703A2F2F7777772E77332E6F72672F323030312F584D4C536368656D612220747970654C616E67756167653D22687474703A2F2F7777772E77332E6F72672F323030312F584D4C536368656D61222065787072657373696F6E4C616E67756167653D22687474703A2F2F7777772E77332E6F72672F313939392F585061746822207461726765744E616D6573706163653D22687474703A2F2F7777772E61637469766974692E6F72672F74657374223E0A20203C70726F636573732069643D2264616E67657250726F6365737322206E616D653D22E9A284E8ADA6E6B581E7A88B2220697345786563757461626C653D2274727565223E0A202020203C73746172744576656E742069643D2273746172746576656E743122206E616D653D225374617274223E3C2F73746172744576656E743E0A202020203C757365725461736B2069643D22757365727461736B3122206E616D653D22E58F91E5B883E9A284E8ADA6E794B3E8AFB7222061637469766974693A61737369676E65653D2261646D696E223E3C2F757365725461736B3E0A202020203C757365725461736B2069643D22757365727461736B3222206E616D653D22E9A284E8ADA6E5A484E7BDAE222061637469766974693A61737369676E65653D2274657374223E3C2F757365725461736B3E0A202020203C73657175656E6365466C6F772069643D22666C6F77332220736F757263655265663D2273746172746576656E743122207461726765745265663D22757365727461736B31223E3C2F73657175656E6365466C6F773E0A202020203C73657175656E6365466C6F772069643D22666C6F77342220736F757263655265663D22757365727461736B3122207461726765745265663D22757365727461736B32223E3C2F73657175656E6365466C6F773E0A202020203C757365725461736B2069643D22757365727461736B3322206E616D653D22E6B688E8ADA6E794B3E8AFB7222061637469766974693A61737369676E65653D2274657374223E3C2F757365725461736B3E0A202020203C73657175656E6365466C6F772069643D22666C6F77352220736F757263655265663D22757365727461736B3222207461726765745265663D22757365727461736B33223E3C2F73657175656E6365466C6F773E0A202020203C757365725461736B2069643D22757365727461736B3422206E616D653D22E5AEA1E6A0B8E6B688E8ADA6222061637469766974693A61737369676E65653D2261646D696E223E0A2020202020203C657874656E73696F6E456C656D656E74733E0A20202020202020203C61637469766974693A666F726D50726F70657274792069643D226167726565466C616722206E616D653D22E698AFE590A6E9809AE8BF872220747970653D22626F6F6C65616E222072657175697265643D2274727565223E3C2F61637469766974693A666F726D50726F70657274793E0A2020202020203C2F657874656E73696F6E456C656D656E74733E0A202020203C2F757365725461736B3E0A202020203C73657175656E6365466C6F772069643D22666C6F77362220736F757263655265663D22757365727461736B3322207461726765745265663D22757365727461736B34223E3C2F73657175656E6365466C6F773E0A202020203C6578636C7573697665476174657761792069643D226578636C7573697665676174657761793122206E616D653D224578636C75736976652047617465776179223E3C2F6578636C7573697665476174657761793E0A202020203C73657175656E6365466C6F772069643D22666C6F77372220736F757263655265663D22757365727461736B3422207461726765745265663D226578636C75736976656761746577617931223E3C2F73657175656E6365466C6F773E0A202020203C73657175656E6365466C6F772069643D22666C6F773822206E616D653D22E68B92E7BB9D2220736F757263655265663D226578636C7573697665676174657761793122207461726765745265663D22757365727461736B32223E0A2020202020203C636F6E646974696F6E45787072657373696F6E207873693A747970653D2274466F726D616C45787072657373696F6E223E3C215B43444154415B247B6167726565466C61673D3D66616C73657D5D5D3E3C2F636F6E646974696F6E45787072657373696F6E3E0A202020203C2F73657175656E6365466C6F773E0A202020203C656E644576656E742069643D22656E646576656E743122206E616D653D22456E64223E3C2F656E644576656E743E0A202020203C73657175656E6365466C6F772069643D22666C6F773922206E616D653D22E9809AE8BF872220736F757263655265663D226578636C7573697665676174657761793122207461726765745265663D22656E646576656E7431223E0A2020202020203C636F6E646974696F6E45787072657373696F6E207873693A747970653D2274466F726D616C45787072657373696F6E223E3C215B43444154415B247B6167726565466C61673D3D747275657D5D5D3E3C2F636F6E646974696F6E45787072657373696F6E3E0A202020203C2F73657175656E6365466C6F773E0A20203C2F70726F636573733E0A20203C62706D6E64693A42504D4E4469616772616D2069643D2242504D4E4469616772616D5F64616E67657250726F63657373223E0A202020203C62706D6E64693A42504D4E506C616E652062706D6E456C656D656E743D2264616E67657250726F63657373222069643D2242504D4E506C616E655F64616E67657250726F63657373223E0A2020202020203C62706D6E64693A42504D4E53686170652062706D6E456C656D656E743D2273746172746576656E7431222069643D2242504D4E53686170655F73746172746576656E7431223E0A20202020202020203C6F6D6764633A426F756E6473206865696768743D2233352E30222077696474683D2233352E302220783D22342E302220793D2231302E30223E3C2F6F6D6764633A426F756E64733E0A2020202020203C2F62706D6E64693A42504D4E53686170653E0A2020202020203C62706D6E64693A42504D4E53686170652062706D6E456C656D656E743D22757365727461736B31222069643D2242504D4E53686170655F757365727461736B31223E0A20202020202020203C6F6D6764633A426F756E6473206865696768743D2235352E30222077696474683D223130352E302220783D223139302E302220793D22302E30223E3C2F6F6D6764633A426F756E64733E0A2020202020203C2F62706D6E64693A42504D4E53686170653E0A2020202020203C62706D6E64693A42504D4E53686170652062706D6E456C656D656E743D22757365727461736B32222069643D2242504D4E53686170655F757365727461736B32223E0A20202020202020203C6F6D6764633A426F756E6473206865696768743D2235352E30222077696474683D223130352E302220783D223338392E302220793D22302E30223E3C2F6F6D6764633A426F756E64733E0A2020202020203C2F62706D6E64693A42504D4E53686170653E0A2020202020203C62706D6E64693A42504D4E53686170652062706D6E456C656D656E743D22757365727461736B33222069643D2242504D4E53686170655F757365727461736B33223E0A20202020202020203C6F6D6764633A426F756E6473206865696768743D2235352E30222077696474683D223130352E302220783D223539342E302220793D22302E30223E3C2F6F6D6764633A426F756E64733E0A2020202020203C2F62706D6E64693A42504D4E53686170653E0A2020202020203C62706D6E64693A42504D4E53686170652062706D6E456C656D656E743D22757365727461736B34222069643D2242504D4E53686170655F757365727461736B34223E0A20202020202020203C6F6D6764633A426F756E6473206865696768743D2235352E30222077696474683D223130352E302220783D223833322E302220793D22302E30223E3C2F6F6D6764633A426F756E64733E0A2020202020203C2F62706D6E64693A42504D4E53686170653E0A2020202020203C62706D6E64693A42504D4E53686170652062706D6E456C656D656E743D226578636C75736976656761746577617931222069643D2242504D4E53686170655F6578636C75736976656761746577617931223E0A20202020202020203C6F6D6764633A426F756E6473206865696768743D2234302E30222077696474683D2234302E302220783D223836342E302220793D223131302E30223E3C2F6F6D6764633A426F756E64733E0A2020202020203C2F62706D6E64693A42504D4E53686170653E0A2020202020203C62706D6E64693A42504D4E53686170652062706D6E456C656D656E743D22656E646576656E7431222069643D2242504D4E53686170655F656E646576656E7431223E0A20202020202020203C6F6D6764633A426F756E6473206865696768743D2233352E30222077696474683D2233352E302220783D22313031342E302220793D223131332E30223E3C2F6F6D6764633A426F756E64733E0A2020202020203C2F62706D6E64693A42504D4E53686170653E0A2020202020203C62706D6E64693A42504D4E456467652062706D6E456C656D656E743D22666C6F7733222069643D2242504D4E456467655F666C6F7733223E0A20202020202020203C6F6D6764693A776179706F696E7420783D2233392E302220793D2232372E30223E3C2F6F6D6764693A776179706F696E743E0A20202020202020203C6F6D6764693A776179706F696E7420783D223139302E302220793D2232372E30223E3C2F6F6D6764693A776179706F696E743E0A2020202020203C2F62706D6E64693A42504D4E456467653E0A2020202020203C62706D6E64693A42504D4E456467652062706D6E456C656D656E743D22666C6F7734222069643D2242504D4E456467655F666C6F7734223E0A20202020202020203C6F6D6764693A776179706F696E7420783D223239352E302220793D2232372E30223E3C2F6F6D6764693A776179706F696E743E0A20202020202020203C6F6D6764693A776179706F696E7420783D223338392E302220793D2232372E30223E3C2F6F6D6764693A776179706F696E743E0A2020202020203C2F62706D6E64693A42504D4E456467653E0A2020202020203C62706D6E64693A42504D4E456467652062706D6E456C656D656E743D22666C6F7735222069643D2242504D4E456467655F666C6F7735223E0A20202020202020203C6F6D6764693A776179706F696E7420783D223439342E302220793D2232372E30223E3C2F6F6D6764693A776179706F696E743E0A20202020202020203C6F6D6764693A776179706F696E7420783D223539342E302220793D2232372E30223E3C2F6F6D6764693A776179706F696E743E0A2020202020203C2F62706D6E64693A42504D4E456467653E0A2020202020203C62706D6E64693A42504D4E456467652062706D6E456C656D656E743D22666C6F7736222069643D2242504D4E456467655F666C6F7736223E0A20202020202020203C6F6D6764693A776179706F696E7420783D223639392E302220793D2232372E30223E3C2F6F6D6764693A776179706F696E743E0A20202020202020203C6F6D6764693A776179706F696E7420783D223833322E302220793D2232372E30223E3C2F6F6D6764693A776179706F696E743E0A2020202020203C2F62706D6E64693A42504D4E456467653E0A2020202020203C62706D6E64693A42504D4E456467652062706D6E456C656D656E743D22666C6F7737222069643D2242504D4E456467655F666C6F7737223E0A20202020202020203C6F6D6764693A776179706F696E7420783D223838342E302220793D2235352E30223E3C2F6F6D6764693A776179706F696E743E0A20202020202020203C6F6D6764693A776179706F696E7420783D223838342E302220793D223131302E30223E3C2F6F6D6764693A776179706F696E743E0A2020202020203C2F62706D6E64693A42504D4E456467653E0A2020202020203C62706D6E64693A42504D4E456467652062706D6E456C656D656E743D22666C6F7738222069643D2242504D4E456467655F666C6F7738223E0A20202020202020203C6F6D6764693A776179706F696E7420783D223836342E302220793D223133302E30223E3C2F6F6D6764693A776179706F696E743E0A20202020202020203C6F6D6764693A776179706F696E7420783D223434312E302220793D223133302E30223E3C2F6F6D6764693A776179706F696E743E0A20202020202020203C6F6D6764693A776179706F696E7420783D223434312E302220793D2235352E30223E3C2F6F6D6764693A776179706F696E743E0A20202020202020203C62706D6E64693A42504D4E4C6162656C3E0A202020202020202020203C6F6D6764633A426F756E6473206865696768743D2231362E30222077696474683D2233322E302220783D223633322E302220793D223131302E30223E3C2F6F6D6764633A426F756E64733E0A20202020202020203C2F62706D6E64693A42504D4E4C6162656C3E0A2020202020203C2F62706D6E64693A42504D4E456467653E0A2020202020203C62706D6E64693A42504D4E456467652062706D6E456C656D656E743D22666C6F7739222069643D2242504D4E456467655F666C6F7739223E0A20202020202020203C6F6D6764693A776179706F696E7420783D223930342E302220793D223133302E30223E3C2F6F6D6764693A776179706F696E743E0A20202020202020203C6F6D6764693A776179706F696E7420783D22313031342E302220793D223133302E30223E3C2F6F6D6764693A776179706F696E743E0A20202020202020203C62706D6E64693A42504D4E4C6162656C3E0A202020202020202020203C6F6D6764633A426F756E6473206865696768743D2231362E30222077696474683D2233322E302220783D223932392E302220793D223131302E30223E3C2F6F6D6764633A426F756E64733E0A20202020202020203C2F62706D6E64693A42504D4E4C6162656C3E0A2020202020203C2F62706D6E64693A42504D4E456467653E0A202020203C2F62706D6E64693A42504D4E506C616E653E0A20203C2F62706D6E64693A42504D4E4469616772616D3E0A3C2F646566696E6974696F6E733E, '0');
INSERT INTO `act_ge_bytearray` VALUES ('4', '1', 'D:\\IDEA-workspace\\zjyFFD-activiti\\target\\classes\\processes\\process01.myProcess.png', '1', 0x89504E470D0A1A0A0000000D49484452000003ED000002400806000000F8B28797000044A94944415478DAECDD0D8C5D759D3F7ED21F218410428C81186388F18F31C618CD86ECC618B7C648A89B46D3F6DE33E7DE4E1D281403428A0FB0B2F06314B4EEC2AE040D0FABABC21A1089C88AB0485BAC945A04C5A2747928167928859652282D7D9CB9FFCFA7BF33EE503AA50FF37066E6F54A3E3977EE9D96F2B9B73DE73DDFEFF97E0F3B0C80215D7FFDF51FFFFEF7BFFFC837BEF18DAD175F7C71FFD9679FDD69B7DB9DAEAEAEDD356FDEBCCE05175CD0D7DBDBBB65C182054B8AA278AFAE010000C008FAD6B7BEF5E30B2FBC7067777777E7EB5FFF7AE7F6DB6FEFAC5CB9B2B36EDDBACEAE5DBB3A03366CD8D079ECB1C73A77DD75D7EEEFFBEC673F9B217ECBE73EF7B92FEA220000000CA37FFCC77FFCC6E73FFFF9FE2F7CE10B9D254B9674366DDAD439105BB76EDD1DE0CF3AEBACCEB9E79EBBB92CCB8FEA2A0000001C82A953A71E79DE79E7ADCFE9EE19D677ECD8D13914391A7FF3CD3777E6CC999353E87FA8C30000007010F23EF433CE3863D7E5975FDED9B871636738FDE52F7FE99C79E6999DCF7FFEF32B741A0000000E40BBDD3EE9B39FFD6CFF8F7EF4A337DCAB3E9CD6AE5DDBC905ECCE3AEBAC87751C000000F6438EB0F7F4F4F4FDEC673FEB8CB40CEE39E26EAA3C000000EC87D34E3B6DDDBFFFFBBF8FD808FBDEA6CAF7F4F47466CD9AF509DD0700008021747575DD982BBCE76AEFA3E9965B6EC9A9F2AF7907000000602FCAB23CBEBBBBBB3F47BE475B8EEA9F73CE399D534F3DF55CEF04000000ECA1ABAB6BC9D7BFFEF5BECE1859B87061E78B5FFCE226EF04000000ECA1DD6EF73DFAE8A36395D9774FC9CFFDDB73213CEF0600000054BABABABA3FFFF9CFF78DD6E2734359B06041E74B5FFAD24FBD23000000F0BFA17DC9D5575F3DB6893DDC75D75D9DF3CE3B6FBD7704000000FE37B4AF7FE08107C63AB3771E7BECB1CEFCF9F3777A47000000A0D26EB777AD59B366CC43FB860D1B3A73E7CEED7847000000A052966567ACEF671FD0D5D525B4030000C0800CCA7521B4030000C02046DA010000A0A6F29EF6B56BD7BAA71D000000EAA6ABAB6BC31FFEF0875AAC1E7FEEB9E75A3D1E0000000685F6A5DFFFFEF7FBEAB04FFBFCF9F35FF28E00000040A5288AD3BFF0852F8CF94DED575C7145E7BCF3CEBBCD3B0200000095A953A71ED96EB7FBC772AFF61D3B7674E2CF907592770400000006E9EAEA7AF8BBDFFDEE984D915FB66C59E7ECB3CFDEEA9D000000803DE40877777777FFC68D1BC724B4FFE33FFE63E7B39FFDECE5DE09000000D88BA2281EFAD77FFDD7FED10EEC0F3EF860E7B4D34EDB91D3F4BD0B000000B01765591E3F7BF6EC9D0F3FFCF0A805F64D9B366560EF7475755DE41D000000807D07F7F9394DFE99679E1995D07EE59557F6CF9E3DFB699D07000080FD0BEED79F7AEAA9FDEBD6AD1BD1C07EC30D37E46AF13B73845FD7010000603F154571574F4FCF888DB8DF72CB2D7DAD56AB7FE6CC991FD46D000000384039E23E7BF6ECFE3FFCE10FC3BA38DDBFFFFBBFBF1EBFF7CE59B3667D4297010000E0E083FBFC76BBBDEBB2CB2EDB998BC61D8A679E7966D799679EB9A3ABABEBF9DC624E77010000E0D083FBF1B91D5C4E67BFEAAAABB63DFDF4D3FD0718D6B7FDDFFFFB7F5F8DB0DE1FBFCF4F6CED06000000C32C47C723B83F16E1BBF3F9CF7F7EFB95575EB9F937BFF9CDB6356BD6F40D0EE9EBD6ADDBB16CD9B257FFF55FFFF595D34E3BEDF5F8FEBEA8E511D8DFAB8B00000030427281BAA85551A747105F1AB5216A5706F9812ACBB22F6A6306F5389ED5D3D373ACCE010000C0086A341A474410CF2DDA4ADD000000801A89C0FECDC8EBAFEA04000000D44C04F697A3AED409000000A89156ABF5E9BC777DDEBC7947E906000000D44851142B23B42FD609000000A891B973E79E50EDB1FE01DD000000801A89C07E5B59964FE904000000D4486F6FEFE111DA77449DA61B000000502311D67BA336EB04000000D44C5114EBA3AED509000000A857603FB9ABABAB6FDAB469C7E806000000D44804F61551F7E904000000D4485996C7E7366F8D46E36F74030000006A2402FBCD11DC9FD509000000A85F68DF1E75B64E00000040BD02FB0551AFEB04000000D42FB4AF2DCBF27A9D000000801A69369B1FCB6DDE1A8DC6DB74030000006A2402FB036559FE5627000000A04672743D47D923B47F5437000000A04622B0DF90F7B3EB04000000D42FB46F6D369BE7EB04000000D4485114E74468DFA613000000503311D89F6DB55A3FD609000000A89176BB7D5284F6FEB22C8FD70D000000A89108ECCBA256E804000000D4C8B469D38EA9B679FBA46E000000408D1445715D84F6F53A010000003513817D73ABD5BA4427000000A0468AA2383D42FB8E78384537000000A04622B03F15759B4E000000408D1445F181DCE62DEA5DBA01000000F50AEDF744ADD409000000A89179F3E61DD5D5D5B5ABD56A7D5A37000000A0468AA2B82A42FBCB3A01000000355396E5A608EDDFD409000000A857602F8BA2D8D968348ED00D000000A857687FA2ABABEB4E9D000000801AE9E9E93931B779CBA36E000000408D1445715784F6C775020000006A24EF618FC0BE33EF69D70D000000A8915C2D3EF2FAAB3A01000000351381FDE5A82B75020000006AA4D56A7DBAABAB6BD7BC79F38ED20D000000A891A2285646685FAC13000000502373E7CE3D21B7798BE0FE01DD000000801A89C07E5B59964FE904000000D4486F6FEFE111DA77449DA61B000000502311D67BA336EB04000000D44C5114EBA3AED509000000A857603FB9ABABAB6FDAB469C7E806000000D44804F61551F7E904000000D4485996C7E7366F8D46E36F74030000006A2402FBCD11DC9FD509000000A85F68DF1E75B64E00000040BD02FB0551AFEB04000000D42FB4AF2DCBF27A9D000000801A69369B1FCB6DDE1A8DC6DB74030000006A2402FB036559FE5627000000A04672743D47D923B47F5437000000A04622B0DF90F7B3EB04000000D42FB46F6D369BE7EB04000000D4485114E74468DFA613000000503311D89F6DB55A3FD609000000A89176BB7D5284F6FEB22C8FD70D000000A89108ECCBA256E8040000008C919E9E9E63F77C6EDAB469C754DBBC7D5287000000608C44387FA1288A95CD66F33303CFC5D7D7C5F3EB7507000000C636B4AF8AEA54B521EAA208ED5B5AADD625BA03000000631BDA970F0AED7FAD08EE0FCD9A35EB133A040000006317DA97EC2DB40FAAE7857700000018034551FC645FA13D5E5FBDB7C5EA000000801116C1FC7BFB08ED4BA64E9D7AA42E010000C01828CB72C15EC27A7F8679DD01000080315414C5E97B4C87CFC0DEAD3300000030C6CAB2FCE8A0D0BECBA2730000005013ED76FBA441A3EC1FD0110000006AA5D3E91CB97AF5EA67972F5FDE59BC787167E1C285AA06B568D1A2CEBDF7DEDB1F758D4F290000C02495817DE9D2A59D75EBD675B66FDFAE6A54EBD7AFEF2C59B2A43F02FC153EA900000093508EB00BECF50EEE0B172EDCEE930A00003009E59478E1B8DE95D3E57D5201000026A10C8482B1D00E0000C0380EED9B5F59DB59FDE00F3A2B177D6D77E5E37C4EA816DA01000018C3D0FEDAC6359D477E7971E7E13BBEFC86CAE7F235C15A68070000608C42FBB32B7FFEA6C03E50CFADBC5DB016DA01000018ABD0FEE8AFFE79C8D09EAF09D6423B0000006314DA1F59D83B6468CFD7046BA11D000000A15D6807000040681F5CB95AFC50A13D5F13AC8576000000C628B4AF5AF69D21437BBE26580BED0000008C5168DFB0E68F9D47EEBEE4CD53E3E3B97C4DB016DA01000018A3D09EF5D4EF6E785368CFE7846AA11D000080B10CEDDBB67556FDE69A374F8D8FE7F235C15A68070000600C42FB6B1BD7749E58F6ED21EF69CFD7F27B846BA11D000080D10AEDDBB675D6AEBAA7F3A7BB2E1C32B00F547E4F7EAF5177A11D000080110EED6F35BA6ED45D68070000608C42FBFE8CAEEF6BD45DD016DA01000018A1D07EB0817DA0046DA11D000080110AED4A68070000406857423B00000042BBD00E000080D0AE84760000008476A11D000000A15D09ED00000008ED4A68070000406817DA01000010DAF75EF19FDF6B8D97D78576000000267468DFD773757F5D68070000406817DA8576000000A15D6817DA01000010DA8576A11D000000A15D68070000406817DA8576000000264E683FCC966F423B000000F50BED4A68070000406817DA01000010DA95D00E000080D02EB403000020B42BA11D000000A15D09ED00000008ED423B00000042BB12DA01000010DA8576000000847625B403000020B42BA11D0000406857423B00000042BB12DA01000010DA8576000000847625B403000030AC162F5E2C180BED000000D4D1D2A54BFBD6AD5B271CD7B49E7BEEB9A723B46FF7490500009884EEB9E79E6F2C59B2A4FFC5175F14926B18D8172D5AB433EA0A9F54000080492A42E157172E5CB839A761D7B5EEBAEBAE4E9DFF7C2354DB05760000006AADA7A7E7C4AEAEAEBE381EAB1B000000502311D8EF2CCBF2099D000000801AE9EDED3D3C42FBCEA8966E000000408D9465795904F6D774020000006A2602FB4B45515CAD1300000050238D46E394B22CFBE278B46E000000408D747575AD885AAA13000000502365591E1F81BDBFDD6E9FA41B00000050234551DC14F59C4E00000040FD42FBB6B22CE7EB04000000D448B3D93C2F43BB4E00000040CDE4B4F8AEAEAE1B75020000006A24179ECB05E872213ADD000000801A89C07E5F6EF5A61300000050238D46E3E808EC7D45519CAC1B0000005023AD56EB9AB22C5FD209000000A899AEAEAED722B85FAA1300000050236559CE8ED0BEB3B7B7F770DD000000801A89C0BE2A82FB1D3A0100000035D2D3D373626EF39647DD000000801A89C07E6759964FE804000000D448DEC39EF7B247B574030000006AA42CCBCB72D5789D000000809A89C0FE52511457EB04000000D448A3D138A52CCBBE381EAD1B00000050235D5D5D2BA296EA04000000D4485996C7E7366FED76FB24DD000000801A298AE2A6A8E77402000000EA17DAB79565395F27000000A0469ACDE67919DA75020000006A26A7C5777575DDA8130000005023B9F05C2E40970BD1E906000000D44804F6FB72AB379D000000801A69341A474760EF2B8AE264DD000000801A69B55AD79465F9924E00000040CD747575BD16C1FD529D000000801A29CB727684F69DBDBDBD87EB06000000D44804F65511DCEFD009000000A8919E9E9E13739BB73CEA06000000D44804F63BCBB27C4227000000A046F21EF6BC973DAAA51B000000502365595E96ABC6EB04000000D44C04F6978AA2B85A27000000A0461A8DC6296559F6C5F168DD000000801AE9EAEA5A11B55427000000A046CAB23C3EB7796BB7DB27E906000000D448511437453DA71300000050BFD0BEAD2CCBF93A0100000035D26C36CFCBD0AE130000005033392DBEABABEB469D000000801AC985E77201BA5C884E37000000A04622B0DF975BBDE904000000D448A3D1383A027B5F511427EB06000000D448ABD5BAA62CCB9774020000006AA6ABABEBB508EE97EA04000000D4485996B323B4EFECEDED3D5C37000000A04622B0AF8AE07E874E000000408DF4F4F49C98DBBCE55137000000A04622B0DF5996E5133A010000003592F7B0E7BDEC512DDD000000801A29CBF2B25C355E27000000A06622B0BF5414C5D53A0100000035D268344E29CBB22F8E47EB06000000D4485757D78AA8A53A01000000355296E5F1B9CD5BBBDD3E4937000000A0468AA2B829EA399D00000080FA85F66D6559CED709000000A89166B3795E86769D000000809AC969F15D5D5D37EA04000000D4482E3C970BD0E54274BA01000000351281FDBEDCEA4D27000000A0461A8DC6D111D8FB8AA2385937000000A0465AADD6356559BEA41300000050335D5D5DAF4570BF5427000000A046CAB29C1DA17D676F6FEFE1BA010000003512817D5504F73B74020000006AA4A7A7E7C4DCE62D8FBA01000000351281FDCEB22C9FD009000000A891BC873DEF658F6AE906000000D448599697E5AAF13A01000000351381FDA5A228AED609000000A89146A3714A59967D713C5A37000000A046BABABA56442DD509000000A891B22C8FCF6DDEDAEDF649BA01000000355214C54D51CFE904000000D42FB46F2BCB72BE4E000000408D349BCDF332B4EB04000000D44C4E8BEFEAEABA5127000000A04672E1B95C802E17A2D30D000000A89108ECF7E5566F3A0100000035D268348E8EC0DE5714C5C9BA0100000035D26AB5AE29CBF2259D000000809AE9EAEA7A2D82FBA53A01000000355296E5EC08ED3B7B7B7B0FD70D000000A89108ECAB22B8DFA11300000050233D3D3D27E6366F79D40D000000A89108EC779665F9844E000000408DE43DEC792F7B544B37000000A046CAB2BC2C578DD709000000A89908EC2F154571B54E000000408D341A8D53CAB2EC8BE3D1BA0100000035D2D5D5B5226AA94E000000C018E9E9E93976CFE7CAB23C3EB7796BB7DB27E9100000008C9108E72F1445B1B2D96C7E66E0B9F8FAA6A8E77407000000C636B4AF8AEA54B521EAA2A86D6559CED71D00000018DBD0BE7C5068DF5D4551643D346BD6AC4FE8100000008C5D685FB26768DFA39E17DE010000600C1445F1937D85F6787DF5DE16AB03000000465804F3EFED23B42F993A75EA91BA0400000063A02CCB057B09EBFD19E67507000000C6505114A7EF311D3E037BB7CE000000C0182BCBF2A38342FB4E8BCE010000404DB4DBED9306427B3C7EBF8E000000408D1445B12D42FB229D000000A0763A9DCE91AB57AF7E76F9F2E59DC58B1777162E5CA86A508B162DEADC7BEFBDFD51D7F8940200004C5219D8972E5DDA59B76E5D67FBF6EDAA46B57EFDFACE92254BFA23C05FE1930A00003009E508BBC05EEFE0BE70E1C2ED3EA900000093504E89178EEB5D395DDE27152696DEDEDEC3750180B1D068348ED605184732100AC6423B7068A64D9B764C5C04FD4DBBDD2EBABABA2E88FA4EB3D9BC358E4B8BA25819C73551AF446D8FEA1BB4DDA4524A2935EA356FDEBCA39CBD618285F6CDAFACEDAC7EF0079D958BBEB6BBF2713E27540BED3011CD9831E31D11BA3F5696E5A97171D31BF5BDF8FA17F1F56FA39E88AF5F887A2D6A47547F7511B42BEAF5A80D517F895A11B538EAC656AB757984F773E2F13FC4F1BD46DA01182973E7CE3D21CE3B97C6F9E6C138EF6CCEF3549CBB36C671491CBFD86834DEA64B30C142FB6B1BD7741EF9E5C59D87EFF8F21B2A9FCBD7046BA11D6A6E4A4F4FCF897101F3A9B860393BEA9B51FF1917330BE3E2E50FF1F8A938BE5405EE5D5500CF20BE332F76E2FBD6C5F1C9A807E2FBEE88F0FE1FD5C5D0E9F1F8E373E6CC79A71603305666CE9CF9BE3827FD4BF5C3E2D7E3719EC35EAACE7367990E0F9320B43FBBF2E76F0AEC03F5DCCADB056BA11D46554EE98BD0FCA1B8209915F5A5B828B92AEA277161F2EBF8FA91A867E3EB8D51DB064D45CF51869C9AFE6A3555FDD1A865F1DCCFE2FBAE8EF0FD95F8BA15F5B711F08FD56500EA2ACF8171FEBAB23AE76DAB42FA8BF983E5389E3675EAD42375092659687FF457FF3C6468CFD7046BA11D0E457777F771B367CFFE485C6874475D1C171FD7C585C7CFE3F1F2A8C7A3D6C6739BE2B9BF4E458FC719C6B746BD1CF574D4C351BF8A0B991F4700FFB7787D7E3CFE74FCBA0F341A8D23741980F12ACE657F17756DD463795B5615D29FCF1F3CE70F9CDD7205427BE79185BD4386F67C4DB016DA61902911C2DF1D171427C7C5C4997131F18D385E1FC75F46FD3E9E5F1DC7F571DC524D3FDFBD204E7CBDB37A6E7DD49FE3D7FC2EBEBEABFAB5F97B9C19F5C9BC4F4F8B0198C8F2D6AB38E77D3FEAC9EA5CD9178F9F8DE3CDF1DA67F25CAB4B20B40BED423BEC9653EC72B43A2F12A2CE8B8B866FE568768E6AC7F37F8CE333F15C8E766FAD46BF3BD508C08EF87A538E9257A3E5CBE3D7FF578E14C4E38B72543D47D7A74F9FFE765D066032CB454AE39CF9A36A11D35D553D95EBAF341A8D53740884F6B70C8DB95AFC50A13D5F13AC8576C68F5C3136EFDBCEE974E1C2A86BE2F16D797F77759F774EB77BB5DA9A6C6055F4BEBC3F3C579ECD9FF4C7E33FE5FDE3D57DE457E64AB4F1FBCCC87BEC6C210300FB3425D7648973E72DB9064BB5F64A8EA6AFCA854EE3F9BFD722E08043FBAA65DF1932B4E76B82B5D0CED88993FCBB66CD9AF5895CC93C5734CFE974F1DC9DD5362F4F562B9F6F1E3C157D606BB25C313DEAA9F89E87E2EBBBF327FAB9B27AB5D2EC29F1FC7B0E33050F000E5AAEAB12E7D5D939DBAC9A7DD65FFD60FCD15C08357F90AE4BC02187F60D6BFED879E4EE4BDE3C353E9ECBD7046BA19DE1910BC9E4B62D71629F1E27F173736FEFDCE33BF7FA8E13FB8A6AC1B50D83B7261B988A5EED19FE42EE211ECFDD1F8F6F8FC7DFCD3DC673AFF16ACFF1E3751900464ECE388B73EF19F903F4A8755548DF5ACD52FB569CE73FA84BC0B087F6ACA77E77C39B427B3E27540BED0C6DDAB469C7341A8DBF69B7DB459CB02F88FA4E84E75BE3B8344EDE2BABADC75EA97EE23EB035591E73ABB257E27B9EABBE6F69D44FA3BE1DBFFEFCFCFDF2F7B5EF2A008CFDB93ECED5E7C4397A51F583F5FE6AAFF49CC5F6CD9E9E9E13750918F9D0BE6D5B67D56FAE79F3D4F8782E5F13AC85F6C962C68C19EFA846AC4FCD11ECA8EFC5D7BF88AF7F9B23DC39D25D8D78EF18743FF8AE6A647C43B5C04C8E982FCE11F41C49AF4EF4FF10C7F7DAB20500EA2D17508DF3F697A2EE8D73F7C6EA7CBF39AF05AA6B8377E91230AAA1FDB58D6B3A4F2CFBF690F7B4E76BF93DC2B5D03E0E4DC99F7E4770FE549C60CFCE9F86E73DDD71025E1827DE3FE4AAAD79CFF7E0A9E8D58939EF0DDF5CDD2B9E5BB13C10DF77472E1E93F794E7BDE5B955CB9C3973DEA9C50030BEE50FECAB5D4F96C7397E53752D900BB62E8BF3FD57DC7A068C5D68DFB6ADB376D53D9D3FDD75E190817DA0F27BF27B8DBA0BED6329EF21CBD5CB7345D6FC09789C58AFAA5637FF757CFD48AED09A3F11CF55D0074D45EF8FD7B75727DF35D5EAE9CBE2B99FE5E2307932CE55D673919808F8C7EA32004C6CDDDDDDEF8EEB80CBAA055D3757D70AB9B5E992DCFA347761D12560CC43FB5B8DAE1B75AF5768AF560EFFEA043C691E97FB78E77EDE5117C7FFE37571D2FC79FEA4BBDAF77B6DFEC43B9EFBEB54F46A9FF0AD512F578BB63D9CFB89E7BEE271A2FDB7787D7E3CFE74EE3B9EABB9FA17000026B75C00B6BA5D6D45752F7A7F35D3EEEE6A3715EBC700F50BEDFB33BABEAF5177417B74427B4EC7AA4684FBA31EABF9476D4AFEE43AFE9C27C79FF9CC38117E238ED7C7F19751BF8FE757C7717D1CB70CDE9A2CBEDE593DB73EEACFF16B7E175FDF55FDDAFC3DCE8CFAE4DCB9734FF0B71900782B71FDF0E16A365E2EF4BAADDA85E5C56A8D9A53A74E9D7AA42E01B50FED071BD8074AD01EF9D09E23EBD5A8F2C0BEDB2F8CE6E7264F68395A1D27B8CFE454B1DCC22447B373543B9EFF631C9FA9A6926D1DF8730E6C4D165F6FAAF629CDD1F2E5B96F69BC766D75BF58778EAEE7222FFE760200872AAF2B72B65E5E7754B3F3F2BA644D0E7C4495168105C6656857F50DEDB9B767B54279678FDA7C289F83BC3F2BEFDBCEFBB7C38551D7C4E3DBF2FEEEEA3EEFE7E3BCF66AB535D9C0AAE87D797F783CBF31EAD96AFFD15F57F7915F19F5C5F87D66E47DE679BFB9BF6D00C048CBDB06E31AE58739432F67EC558307CF54B7CA7D26BE658A2E0142BB1AF6D09E8BA00D4C85DF4B60DFBDADD8E0F735B71BA9EE753F3D57348F5FFBFD78EECE6A519527AB95CF370F9E8A3EB03559DEC715F554B5BFE8DDB9A27AAEAC5EDDD7754A3CFF1E273C00A00E72DBD4DC46B55ACB26AF6576E5754C1C6FC8DBF2740810DAD588D70F7EF083CE1EE17AA8FAEBD6640353D1AB3DC35FC83DC4E3B9FBE3F1EDF1F8BBB98F68DEB755ED396EAB1200A0F6722A7B5CCF34E2DAE596383E578DA2E7AD774FC4F17B795DA34B80D0AE46B5B66DDBD669B7DB9DFD08ECB972FA998D46E36FAC720A004C04B9D34BAE7753ED1EB376D056ADFF13F59DB8463A499700A15DD5E69EF66AF1B7ABAA3DC5DF14DA733ABC4F3400305EE51A38714D7346EE1453ED1C933307B7E622B7B9756B2E82AB4B80D0AEC6CBEAF1A7C7496CD5A045E13A71323BDF271A00182F72CD9EB88639376A71D486EABA664BAEAB5396E58278FD445D028476A17DDCEED39EF27EF46AF1955773C5779F6800A0AE724BD71C6488EB96A551AF5421FDB56ADD9DDE5C4857970084F60915DA07CBE9F33ED100405DCC9933E79D11C42F8E5A5E2D8EDB5FDDE6775FD405DDDDDDC7E912C0380EEDF1C7DB6B8DD6EBE32DB403008CA5DC16B62CCBCBA27E178FB75421FDE5A85FC573F3733ABC2E014CB0D0BEAFE746FA75A11D006068ED76FBFD11CEAF885A512D18D71F950BC8FDB2D96C7ECE8E360042BBD00E00304A726BD908E4DF8E60BE328EDBAA91F417A26E8F90FE59B7EA0108ED423B00C02829CBF2A311D0AF8B50FE78D48EA8BEA83511D06F6DB7DB456F6FEFE1BA0420B40BED423B00303A21FD9351D74730FF73D4CE789C21FDE956ABF5E3A84FC7B74CD12500A15D6817DA01809137A5D96C4E2F8AE2A60CE6D528FAAEF87A7506F7389EAC450042BBD02EB40300A320A7B2E794F608E63FCD29EED528FA8E383E11F5DD9C0AAF4B0042BB2DDF8476006014341A8D237271B85C24AE288A17AA45E3B6578BC87D271795D32500A15D09ED00C02898376FDE5165599E99DBAD45ADCFEDD7721BB6A887735BB6DC9E4D9700847625B40300A3A0A7A7E7D808E4E74620BF278E2FE7487A3CDE12C7DF477D231EBF479700847625B40300A3A0BBBBFBB808E317442D8D7AA59AEEFE5AD4F256AB75C99C3973DEA94B0042BB12DA01805190213CC3785114F757E1BCBF0AEB4B9BCDE6F919E27509406857423B00300A723A7B4E6BAFA6B76FA942FACBD5F4F773733ABC2E0108ED4A6807004627A47FA0D96CFE5B2E14970BC6550BC7ADCF85E47241B95C584E970010DA8576006014E4166BB9D55AD4FFE4D66BD5C2712F4440FF796ECD965BB4E9120042BBD00E008C8208E31F8DFA6ED41311D077C4B12F8E6BA27E1A61BDD1DBDB7BB82E0120B40BED00C02888207E7204F3EBE3B83A82F9AEA80CE94FC7D737359BCDE93A0480D02EB40300A3634AABD5FA74D48F339857A3E83BA3FE1CF5C3F8FA935A0480D02EB40300A320A7B2B7DBEDA2D96CDE5A4D71EF8B60BE238E8F174571DDECD9B33FA24B0008ED423B00300AA64E9D7A6484F2532394DF1EF542B5FDDAB608E82BE3F8EDA80FEB120042BB12DA016014341A8DA39BCDE6E7228CDF1DC17C7DB5FD5A6EC3B622EA8A76BBFD7E5D02406857423B008C829E9E9E63CBB29C1FC1FC57717CB9DA7E6D4B3CFE5DD465DDDDDDEFD62500847625B403C02888107E5CB3D9FC4A84F3FBA25EAD42FAA6382E8FBA78CE9C39EFD425006A69F1E2C582B1D00E00134A04F17745F59665F9DB38BE56DD93FE4AD4BD11DECF9F3E7DFADB7509807161E9D2A57DEBD6AD138E6B5ACF3DF7DCD311DAB7FBA402C0D07A7A7A4E8C80BEA0288A8722986FA942FA86A8C5F1DC39D3A64D3B4697001897EEB9E79E6F2C5AB4A8FFC5175F14926B18D8E3BDD91975854F2A00FCAF08E21F68369BFF16C73FE6827155485F175FDF15C733E6CD9B77942E0130114E78EFC96963ED76BBEFCE3BEFDC92D3B055AD6ABBC00E00871D16D72A27C575CBD511C8FF27AE5DB657217D6D04F7FF8A6377A3D1384297009830E264777C9CE01645F5453DD26AB53EA42B00405D4418FF585CA37C2F6A55D48EB876E98BD0FE5C1C6F896323BE658A2E0130E1E4FD5C7112BC354F7C514F45FDBDAE000063ADD1689C12E1FC86BC3E89E3AEAA9E8EBA31EA1F740880897E223C22C2FA7FC4496F674E256BB55A33740500182353E2BAE433714D7273D433D528FACE383E195FFF70D6AC599FD0220026CD49314E8257C409707B9C0837E6C22C5A02008CA6DEDEDEC3CBFFE767712DF27C5C9BF4C7E31DF1F8F1787CEDECD9B33FA24B004C3ACD66F32B7122CC2D4F36E7631D010046C3D4A9538F8C507E6A5C7FFC22AE435ECC901EC76D715C1975553CFEB02E013069E5687A9C1073547D7BABD5BA5C47008091D468348E8E907E565C7BDC1DC797AA90FE7AD48ABC16993973E6FB74090061BDAB6B569C245FC87BC2F2FE755B9F00002314D2DF16D71AE7C5B5C79208E92F57DBAF6D8E6B900723A45FDADDDDFD6E5D02804A9C343F1E27CA5C093EB76FFB69FEB45B570080E1925BC5E6AD76719DB12C1EBF9A213D02FAA6382E8FBA68C68C19EFD02500D843DE0F96F786557BAD2FEAEEEE3E4E570080433577EEDC13E21AE3AB11D07F9B23E85548CF5BEFEE8DFAD2F4E9D3DFAE4B0030843869BE274FA279BF58D4FDF9B5AE000087706DF1DE08E3DF8CEB8B3F54F7A2E774F70D392810AF9D336DDAB463740900DE424E4DCB936735B2FE48ABD5FA90AE0000076AE6CC991F8CEB8A6F4520FF53D4B62AA4AF8BBA33BE3E7DDEBC7947E91200ECA7FCE976B3D9BC35EF598FCA7BD7FF5E570080FD1561FC6F5BADD635717C347797A942FADAB8BEF8AFB8AE986DF15A0038087902CD55E0E3A4BA334FAC71B29DA12B00C05BC91FF057D710ABAAEB889CA5F76C51143FC9DD66E25BA6E812001CBC297152BD227F121E27DD5CF4E50C2D010086D268344E89EB85FFCCDD64A27655F597B88EF851ABD5FA940E01C030C9ED5422B06FC9955AF3B18E00007B9892B3EFE25AE1E608E5CF56A3E8399AFE647CFDFDDC0A568B006098E5687AB595CAF638115FAE230040EAEDED3D3CAE0F5A51B7453D9FBBC7C471471C1F8BBA36EAEF740900462EACCF8A93ED0B513BF3DE330BC100C0E43675EAD423E3FAE0B4B22CEF88EB83755548CF15DE1F89E7AEB47B0C008C829CBA96F79DE58AF071FC6984F5A3750500269FDC2526AE05CE8E70BE308E2FE5CAEEF138F74A5F11C77FC93DD475090046499C803F1C27DF95D5FD678BBABBBB8FD31500983C1A8DC6DBCAB2FC62D4AFAB056773247D73D403AD56EBD2B973E79EA04B00300C72FADAFE7E6F04F5F7C489F9B739C52DEAFEFC5A070160E28BF3FFF111C62F8C50FE9B78BC29437A75FC4D3E3F63C68C77E812000CB39E9E9E6373BFD3B70AEE79A2CE11F56A64FD11F7A101C0C49623E545517C3547CEAB11F40CE91BAB91F52FE648BB2E01C0088B13F0AAA84ED4F7F6F67ADE9FD66C366FCD7BD6A3F2DEF5BFD735009878F29EF3BCF73CCEF57FA8EE45CFE9EE2F55F7A89F9DD704BA0400A37B72BEA20AEC9D3841EFC851F781D772F5F75C05BEDA2F756DEEA3AA63003071E4ACB95CC53D67D0C535C1B6EAD6B775B9DA7BAEFA7E20B7CF0100C32C4EC81FADA6BA7706D58DF1D2942ACC6FAF16953943B70060FCCB7DD023A85F93FBA257FBA3E748FADA6ADFF456EEA3AE4B0050137172DEB04760CFEA6F369B5BF2BEB5387E45970060FCCA6D59CBB2FC7E9CD79FAC66CEE5AD6ECF4658FF4935836E8A2E01400DC509FB677B09ECBB2B7FFAAE430030FE4410FF549CE37F14E7F3BF44EDAAEAA9A8FFCCD7740800C68108E5A70F15D8AB7BDBFBECAB0A00B53725CEDBB372D43C7781A96E79CBD1F427734D1A0BC702C038940BCAE4BDEAFB0AED55DDAE5B00501FB9406C04F1D9D5FDE76BAB95DDF39CFE68DEA71EC7BFD52500F6A9D3E91CB97AF5EA67972F5FDE59BC787167E1C285AA06B568D1A2CEBDF7DEDB1F754D9CEC9F1F7CFF7AF513F9C135B0F8DCF3568C0580B1336FDEBCA3AAD97177E68AEE79DEAE5678FF539CABBF3573E6CC0FEA1200072403FBD2A54B3BEBD6ADEB6CDFBE5DD5A8D6AF5FDF59B26449FF3FFDD33FE509FFFEA8F7F8C402407DE41EE8B9177AD4A26AB1D8FCE1FAEBB9677A1CBF997BA8EB1200872447D805F67A07F7BBEFBE7BBB4F2A008CBDE9D3A7BF3DC2F8972294FF3A02F9C62AA46F8EAF7F1B5F7FD5FA32000CBB9C122F1CD7BB72BABC4F2A008CBE193366BC2342F94551CB23986FCA901EC757E3B8ACD56A5D188F8FD7250046540642C1586807000E3BACBBBBFBDD11C62F2D8AE2C11C41AF427A8EA82F69369BE7351A8DB7E91200B50CED9B5F59DB59FDE00F3A2B177D6D77E5E37C4EA816DA0160BC9A3973E6FB22A45F1EA17C45DE8B1E613D43FA4B715C18C7B322A41FAD4B00D43EB4BFB6714DE7915F5EDC79F88E2FBFA1F2B97C4DB016DA01603C8880FEA108E45745AD8C909EABBAE73DE92F369BCD5FC4F134BBB000302E43FBB32B7FFEA6C03E50CFADBC5DB016DA01A0962294FF5DD4B511C81F8FDA5185F4E7CBB2FC5954D9DBDB7BB82E0130EE43FBA3BFFAE721437BBE26580BED005007B366CDFA4464F1EF473D19017D6704F4BEA867A26E6E369B9F896F99A24B004CB8D0FEC8C2DE21437BBE26580BED003016228CFF43D48D517F89DA951581FDA938DED068344ED121008476A15D680780D13125C2F8AC08E5B71445F15C358A9EA3E9ABA2BED76C363FA645004CCAD09EABC50F15DAF335C15A680780E1D668348E8830DE1D61FCBFE2B8B6DA7E6D7B1C1F8DD07E75BBDD3E49970010DAA3562DFBCE90A13D5F13AC8576003854F3E6CD3B2A02F91911C8EF8AE3BA0CE9515BE3EB3F4658FF561C3FA04B0008ED7BA90D6BFED879E4EE4BDE3C353E9ECBD7046BA11D000ED4B469D38E89207E4E04F3C5511BAA909E7BA53F14217D414F4FCF89BA0480D0BE1FA13DEBA9DFDDF0A6D09ECF09D5423B00EC8FE9D3A7BF3D42F997A2EE8D7AA50AE9AF4540FF6D1C7BA3DEA54B007030A17DDBB6CEAADF5CF3E6A9F1F15CBE26580BED00B0A73973E6BC3382F8C551CB8BA2D85485F457A3EE6B369B5F89B07EBC2E01C02186F6D736AEE93CB1ECDB43DED39EAFE5F708D7423B00935B7777F7BB23885F16F5BB08E69BAB85E35E8EE3AFE238BFA7A7E7585D0280E10AEDDBB675D6AEBAA7F3A7BB2E1C32B00F547E4F7EAF5177A11D80C9A3DD6EBFBFD56A5D5E14C58A6AC1B8FEA8F5F1F8EE66B3F9B946A371B42E01C00884F6B71A5D37EA2EB40330F94418FF70D4B72398AF8CE3B60CE9717C2102FA2FCAB23C75EAD4A947EA12008C4268DF9FD1F57D8DBA0BDA423B00E3DFECD9B33F12C1FCBA08E68F4728DF11C7BEA83511D26F8DAFCBDEDEDEC3750900C620B41F6C601F28415B680760FC891CFEC908E53F8CFA73D4CEF83A43FA33AD56EBC7519F8E6F99A24B005083D0AE84760026BE66B339BD288A9B22983F5D8DA2EF8AAF57C7F186389EAC430020B42BA11D80519053D92388372290FF34A7B857A3E83BE2F844D47723C07F4C9700406857423B00A3A0D1681C11A1BC3B02F9CF23ACBF50ED91BE3DEA7FA2BE13AFFF8D2E0180D0AE84760046C1BC79F38E8A807E6604F4BB2294AFAF42FAD6A8879BCDE6BFC5F31FD0250010DA95D00EC028E8E9E9393602F9B911C6EF89E3862AA46F89FA7DD437E2F9F7E8120008ED4A680760147477771FD76C36CF8F40BE34EA952AA4BF16E1FCFE56AB75C99C3973DEA94B0020B42BA11D805190213CC37804F3E519CEAB909E61FDBEA80B32C4EB120008ED4A68076014E474F69CD69ED3DBE3F1962AA4BF9CD3DFCBB29C9FD3E175090084F65A55FCF1F65AA3F5BAD00EC04869B7DBEF8F407E452E14970BC6C5E3FEA85C40EE97B9A05CA3D1385A970080DA87F67D3D37D2AF0BED000C97DC622D02F9B72398AFACB65EEBAFB662BBBDD96C7E36B768D32500406817DA01180565597E34EABB11CA1F8FDA11D517B526EAA7ED76BBE8EDED3D5C970000A15D6807607442FA27A3AE2F8A627504F39D55487F3ABEBEA9D96C4E8F6F99A24B0080D02EB40330F2A6B45AAD4F6720CF605E05F49D19D833B86780D72200406817DA01180539953DA7B4379BCD5BAB29EE7DD594F7C7730A7C4E85D72500406817DA01180553A74E3D321787CB45E2A25EA8B65FDB5E2D22F7ED5C544E970000A1DD966F423BC028C8EDD522A47F2EB75BCB6DD772FBB5DC862DB763CB6DD9727B365D0200847625B4038C829E9E9E63CBB29C1FA1FC57512F57DBAF6D89E77E178FBF118FDFA34B0080D0AE84768051D0DDDD7D5C84F10BA2EE8B7AA59AEEFE5AD4F2A88BE7CC99F34E5D0200847625B4038C8208E2EF6AB55A971445717F15CEFBABB0BEB4D96C9E9F215E970000A15D09ED00A3A0A7A7E7C4B22C174428FF7DD4962AA46F885A1C756E4E87D72500406857423BC028288AE203CD66F3DFE2F8C76AC1B80CE9B980DC5D713C63DEBC7947E9120020B42BA11D6014B4DBED93228C7F27EA7FCAB2DC5E2D1CF7423CFE793CEE6E341A47E8120020B42BA11D6014349BCD8F4518FF5E84F227E2B8238E7D11D29F8BC73F8D63A3B7B7F7705D0200847625B4038C8208E2274720BF21C2F95371DC55D5D3513746809FAE430080D0AE847680D131A5D56A7D3AEAC711CA9FA946D177C6E33F47FD70D6AC599FD0220000A15D6807180539953D8279D96C366F8D50BE26AA2FBEDC11C7C723AC5F377BF6EC8FE8120080D02EB4038C82A953A71E19A1FCD408E9BF8860FE4204F35CD97D5B1C57465D158F3FAC4B000042BBD00E300A1A8DC6D111D03F1761FCEE08EB2F5521FDF538AE68B55A97CF9C39F37DBA040020B40BED00A313D2DF1621FDBC08E6BF8A90FE72B547FAE678FCBBA8CBBABBBBDFAD4B000042BBD00E300A22881F1F21FD2B11CC9745BD5AED91BE298ECBA32E9E3163C63B740900406817DA01464104F17745F54658FF6D8EA05723E9AF44DD1BF5A5E9D3A7BF5D97000046C9E2C58B0563A11D98C47A7A7A4E8C30FECDA2281ECA7BD1AB90BE216A713C77CEB469D38ED125008031B274E9D2BE75EBD609C735ADE79E7BEEE908EDDB7D5281E13273E6CC0F9665F9AD08E47F8C60BEB50AE9EBA2EE8C3A63DEBC7947E91200404DDC73CF3DDF58B26449FF8B2FBE2824D730B02F5AB46867D4153EA9C0C16AB7DB274540BF3A02F9A311D6B757217D6DB3D9FCAFF87A76A3D138429700006A2C42E157172E5CB839A761ABBDD77FFFF77F8FC57F77BBC00E1CA808E27F1FA1FC7B51ABA27646F5453D1BCFDF12C759F12D53740900800923175DAA2E7C67E9061C9213B460F8351A8D53E2DFA7FF8C50FE541C7755F597F8FA4771FC071D020060C22B8AE2AAB8F8DD61FF613868174575AA23076F4AB3D9FC4CFC7B747384F26773143DFE7DDA198F9F8CFAFEAC59B33EA14500004CD6E0FE60D4FADEDEDEC375030EC8F951FD510F55C7AF6AC9FEC97F6F2298B72290FF2C8ECFC7BF41793FFA8EA8C7E3F1B5517FA74B000070D8EE29A847C485F2CB51BFD10D38E0C03E10D473A4BD4F70DFBBA953A71E19FFC69C1621FD8E38BE5885F46D518FE48C9F56ABF5215D02008021C445F37BF3FEF6B870BE5C37E08003FB5B3D3FE9341A8DA323A09F15FFB62C8C7F5B5EAA427AEE95BE221EFFCBCC9933DFE76304000007A09AAADAD76C36A7EB060CE9A2B708E603AF4FAA7BDC23A4BF2DFEED382FFE1D5912FF8E6CACB65FDB9CB7DFB45AAD4BAD9B010000C320EF258D0BEDDCEFF85DBA01071DC827FC887B04F3E3238C5F18FF562C8BC7AF66488FE3A6BCCD26EAA2193366BCC3C70500004626B8AF888BEE170EB3E731EC2D885F3442DF5F6B73E7CE3D21FE6DF86AFCDBF0408EA067488FAF374650FF75D417730B491F1100001805D58251AFE43457DD803704F0AF1EE4AF1B77C1BD5AE7E29B11C8FF108F5FAFA6BB6F885A1475F6B469D38EF1B100008031D26EB7DF1F17E6BBF25E54DD40603FA4A9EEE362AAFCCC99333F1801FDCA08E87F8ADA568DA4AF8BE39D713C3D7F98E7A3000000351217F0A7C6057B5F5CB09FAC1B4C526FB5E8DC68FF3EC326FE6EFF6DABD5BA26FE7E3F56AD639123E96BA36E8BBFFBB3732B486F3F0000D45C5CC0FF30F752B6A8149338B00FD7D4F6311D716F369B1F8FFA8FF8FBFC646EEF983F908B7A3642FB4F22BCCF38CC1A160000303EC545FDCAB8B85FE3A29E4964CF7BD1F3B3FFDD83F83BB0E7AF1BB57BDC23887F2AFEDEFE67D45379AB4B554F9565F9A37CCD5B0C00001344A3D1383A827B6EE574B76E308902FB570705EFC7A33AD5717F83FB50BF6E2482FB941C2DCF51F308E5CF56A3E8399AFE648EAEE728BBB715000026B008041FAA46EA2ED20D2651604FDFAD8277E70082FBE0C03E50D70D7AFD90EE71CFFBCDE3EF622BEF3FCFFBD023ACE7FDE8DBF3FEF4BC4F3DEF57F7560200C0245396E599398267D48E096AA820BDB700BEAFE0BEBFDFBFDFF7B8E7CAEDB9827BFC1DBCA35AD13D5776DF962BBDE78AEFB9F2BBB70F0000C8FBDB6F8AC0B0B5BBBBFB38DD600206F68B0E31881F68C0DFEB54F9DC033DF742AFF6447FA90AE9AF577BA6FF4BEEA1EE2D030000F62A02C4E3514FEB0413C4FEDE63FE5681FC4003FB5FFFFBFFE7FFFC9FFE0F7DE843774728FF7504F28DD5F66B9BA31E88AFBF3A77EEDC13BC4D0000C07EA946013350DCAE1B4C90C0BEBFF7960F15CC0F3FC8C0BE7BA1C766B3D9FFC94F7EB213F56CABD5BA30C2FBF1DE1A0000E0A0B5DBED93AA15AABFA41B4C92C0BEAFE0BEFD6002FB8079F3E61D75D818EFE30E00004C3011D8CF2DCBB26FF6ECD91FD10DC699435ABD7D88E07E50817D881F24D8A50100003874CD66F3D608EFAF371A8DB7E906E3C40955B87EE8107F9F9C12BFE708FBF6EAF943F150F57BB98F1D000038744551ACCED209C691B75A2DFEAD1869070000C6871C65CFD1F61C75D70DC691DADCD37E887F1E0000807DCBFBDAF3FEF6BCCF5D371887C17D7F47B6877DF5F8CA4553A64C11D801008091D36C36CFCF15E5736579DD601C06F7B70ACC23B54F7B7704F6BEDCF6AD288A2D517F8ABAAED1689C72D8C14FB3070000D86B70FF45EEE19E7BB9EB06E3C85BAD26BFBF81FC4083FBC00F0C16F4F4F41C1B7F77CE28CBF267717C3A6A6784F7FEF8FAA578BC341E7F75E6CC99EFF35601000087A40A1C8FEB04E3CC5023EE071AC4F7F7FBFF1AD887FA0365488FBF4BBD51F756E1BD3FC37CFE1DABC2FD1919F6BD750000C07EEBEEEE3E2EC2C4D6A2286ED20DC6991C71EFDB23B87FF7B0039FF2BEB7E07EDD1EFF9D835A042FA7CDE7F4F9A83FE6AC96A88E69F50000C00169369B1FCFFBDBCBB23C53371887C17DF0E2748303F8812C2E37D4AF1BD66DDD4CAB0700000E4A04868BA276B55AAD0FE906E3CC9E53E533705F77D8818F60EFF9EB0E757FF8FD625A3D0000B0BFC1FDEEA22836351A8DA37583BA8A207B7C7C56BBAB40FB424E37FFD8C73ED677D8F0EE9BBEB7A9F7A3C5B47A000060EF6121C2C19A08052BB5823AC811E666B3F999F85CDE1EF56CD4F60CB0832B3EAFBBF27B0EDBFFEDE0DECA70FD3EC3DA07D3EA010080C366CC98F18E0801DBA27EA81B8CA508A28FED19D0F7AC08AD9D46A3F1FF0DFA65873AA57D54A6C40F07D3EA010060F286A593AB85E94ED50DC64ABBDD3E293F87FB0AEDF159BD761FC1FB4047CA8775D1B931605AFDF0FF5BF8DEA8ABA28F0FC4BF871B73DD8F3D7E68949FCFD7F2074CF1F8FAA88FEA1A0000A3A2D56A5D9A17A8119CDEAF1B8C61683A7D1FA3EC3BA64E9D7AE45B04F0FD0DEEB59B123F1C4CAB3F38CD66F3FCE8CFF36F35D363887A2DEA7BFBF86C0200C0F0880BCF2551AFB8F8648C83FB4F8608478B8629887757DFB76032F4D3B4FA7DFE9BD73D304361186A7B8EBEFB1B0C00C0489A52ADCEBD422B182BAD56EB5355B01C1C88F2F68DE3F7E397BFD53DEA03ABC42F98CC7FCF4DABDF1DD897EF19BCDBED7667C182059D5B6EB9A5B372E5CACEDAB56B3B5BB76EEDA41D3B7674D6AD5BD779E289273AB7DE7AEBEEEFEBEEEEDE5B785F9FB77AF89B0C00C0485DC8BE2B478C86B8771846547CEEAEC8FB869BCDE60FAB69C70341E88103F86D861A719F9053E287C3649A569F3FFCA9EE57FF6BD08EFFFFCE8F7EF4A3DDA1FC406CD9B2A573DB6DB775E6CF9FBFE7DA0BD9BBF93E5900008C88084CD3AB05975ABAC168C85B3222E83C9861313E7B653E3777EEDC130616028BC0F8C103FC2DF70CE802FB019A88D3EA33B0C79FFBD5C101FBE28B2FDE3DA27E2876EDDAD5B9F3CE3B778FD40FFABDFBF387503E4900008C8856AB757935DAF65EDD6024C567EC035139F2B9AEBBBBFBDD7BBC960BD32D3DC8DF7A20A83F24B00F8B713FAD7ECF11F69C069F817BB8AC59B3A6F3E52F7F79CF51779F3B000046465C70FE266A435C881FA11B8C50883AB31A4D5FD2DBDB7BF8DEBEE7101746CC7BD83B878DDF6DDD6A6D3C4DABDFF31EF6FBEFBFBF3312F21EF8BCDF7DF0887BAED3E0D30200C0B0CB101517DDEB73DAB26E30DCAA55E2FB22D05C32C2FFA913747BF48CF6B4FAF81C3DF4560BBF55ABC4BF61847D24E5A2755FFFFAD7DFB0BFBB594B00008C889CAE1C179D3BE282F32ADD60384C9F3EFDED11629E8ACFD4EBCD66F3633A32E18DD8B4FAEA1EF50CC6BBE2F159FB08F6AF0FBE877D38A7C40F65D3A64D9D33CE3863F034F9877C140000181171C139AB5A986E966E702866CD9AF589F81C6D8D7A3282DADB7464721AAE69F5B942FB1EDBAD7D6FCFEF69369BE70F5E25FE50179D3B10BFFFFDEFDF304D3EFEBC1FF5EE0300302272A43D47DCF75C280CF6570496CB723A7CD48DBAC19E0E665A7D3C77FB5EF6497F78F03A08F1F50B03AFE5B66EA3ED8A2BAEE81CE4D685000070C0C1FDC1BCC77DA805C3606FF2F312616559B59DDBA93AC27E7ACB69F5F1797A712FA13DEBD5BC873C6BE0B9DC8EED40F7611F0E7FFEF39FDFB07F7B6E65E8AD05006044E42AF271E1F972AE2AAF1BEC8F9E9E9E13E3F392A3A61BEAB28A38E3FAF3F4D769F511809F1E22B00F54CEEA583CF075AEE83E56E6CF9F3F7851BA05DE490000464C3572B533F771D70DF62557EC8ECF4B4E6F5E6EDB40865BB3D9FCCC5B84F6CE68AE18BF2F37DF7CB305E9000018D530D6CA85E9E2A279BA6E30C467E4861CE934AAC8087EC66EDC4748EFCF69F4D57DF1BB9F7BECB1C7C62CB4E79EF083FE6C1BBC7B00008CB8B820BE362E3EB747BD4B3718504D5F7E3C57888FCFC8C93AC208FE1BF4D8E07DD073C1BA78EE2739023F28D8EF1AF89ED15C357E4FCF3CF3CC1BF66CF7EE0100305A17CD2B7265E6C30E627F65269EDCCE2A3E0F39BAF997EEEEEEE3748491546D0DF793BC0D63F06AF17B7CCF5FC3F2D6AD5BC72CB4EFD8B1E30D3301BC7B00008C8ABC508E0BD057A296E8C6A40F5017E574F866B379AB6E50A3CFE55F83F25813DA01001813ED76FBFD3905B5D56A5DAA1B93D294A228EEC9CF405996676907750DED46DA010098B472EFED1C65750FF3E492FB4DC7FB9EFB64BF3273E6CC0FEA08350CEDEE69070080EAE2F88751DB66CC98F10EDD98F88AA268C4FBBD23EAF743DD4F0C632D02F246ABC70300C0FF06B9957141BAE6300BD34DF4F7F9BA1C2D8CFA966E5067F1EFD1C375D8A73DFFDB8342FBC3DE190000C644A3D1383A02DDA6B828BD5B3726E6FB1BEFED2311D6B7379BCDE93A42DDB55AAD6B06C2F282050BC62CB47FF9CB5FFE6B688F7F23AFF0CE0000309617C91FAAEE23BD4837268E76BB7D52BCA7AFE54C0AB74030CE3EB7BBC3723CEE6CDAB4694CEF67AF42FB7BBD3300008CA9B22CCFACB6FFFAB86E4C88F7F38BF97EC6F10EDD601C7E7EFF7A5FFBADB7DE3AEAA1FD9A6BAE191CDA5779470000A885A2286E8A0BD4ADDDDDDDC7E9C6F815EFE19DD50F60CED30DC6A3C153E4CF3AEBAC51DDFA6DCD9A35BB47F8078DF617DE110000EA14F81E8F7A5A27C69F3973E6BC33A7C2E794F89C62AC238C57B9BB41FE00712038DF76DB6DA316DABFF6B5AF0D1E657FDEBB010040AD4C9B36ED98B850DD1C75BB6E8C1FAD56EBD3B9D85C51147FCAC5E7748409F099BE66F0BDED7FF9CB5F463CB0DF79E79D6FB897BDD96C7EC63B010040ED540B41F5457D4937EA2FC2FA95B99D5B04F66B75838924FE0D7A6120407FE10B5FE86CD9B265C402FBB265CBDE302D3EEA46EF00000075BE583E3783E0ECD9B33FA21BF594538823A83F14EFD58E383674848966E6CC991FAC7E80B83B487FFDEB5FEFECD8B16344027B4F4F8FC5E70000185F9ACDE6AD71F1FA7AA3D1789B6ED432CCBC92239173E7CE3D414798A88AA2383DAA7F2050E73DE71B366C18D629F17B8CB0AF2FCBF2789D070060BC5C30AFCED289FA88407156048B5D518BE3CB293AC224F8CC2F187CAF798E8ADF7FFFFD87BC4AFC25975CF2867BD805760000C69D1C65CFD1F61C75D78D5A84979FE574E156AB75A16E3099C4BF41E7C767BF7F70C85EB06041E7B1C71E3BA0B0FECC33CFECDE877D8FD1F5DD53E205760000C6A5BCAF3DEF6FCFFBDC75636C7477771F975BF11545B1C53A034C56AD56EB53D52C933704EE73CE39A773D34D3775962E5DBA7B95F981FBDEF398213D47E56FB9E596CE05175CB06750B7E81C0000134335CAD567FFEFD11741FDE4A86DD1FFC77B7A7A8ED51126B31C0D8FBF0BCBF71C753FC87ADEB66E00004CA4E0FE8BDCC33DF772D78DD111FDFE66FEB02482CAF5BA01FFABDA9A72E9E045EA0EA056C5AF2F741100808918229FCE115F9D18598D46E3886A34716754B78EC0DEE5EC936A26D003B990DC9ED3E7AB5B7B36443D1C01FFAAA8F7EA1A00001356756FF5D6B8F0BD493746C6CC9933DF173D7E39C2C64B11484ED411000000F65BB3D9FC783565FB4CDD185ED1D7D3AAD1F5FB7A7B7B0FD7110000000E265C5E94D3505BADD6877463D87A7A63B59DDBA5BA010000C0A186CCBB8BA2D8D468348ED68D8317FD7B5B59964FE66D07398B4147000000180E532268AE89E0BE522B0E4E84F5BF8FFEBD1EB57AFAF4E96FD71100000086CD8C1933DE11C13DF710FFE1E0E7ABED9856E9D0D0A23FBD391D3EEA66DD000000604414457172B530DDA9D5D7A7576134B75B3A5E87DE2817988BBEFCBADA9AEA0C1D0100006044E5E2695508FDE5E03D9273C13ADDF95F4551BC27F7928ED0BEB1DD6EBF5F47000000187153A74E3D32C2E8E63D027BD652DDF97FA217AD6A3BB7071A8DC6113A020000C0889B3B77EE0911445FDB4B60CF7A418776EF6DFF1F6559E6766E97EB06000000A3A2BA7F7DE710813D6BD764EECFB469D38E891E3C9A8BF54560FF944F0C000000A326C2E8A2A8FE7D84F64E04FBF74EC6DEC4FFF7DFE52D0365593E6B413E000000C644353D7EF9C08AF17B5604D6F993AD27F1FF7D414E876F369BFFE513020000C098EBE9E93936C2EAED515BF708EE0F4EA2364C89FFDFBBF3B680A228CEF1A9000000A07622B05E3528BCEF9C0CFFCFF1FFF9AEA8B56559BE1AC70FFB14000000506B1160AFA8EE6BBF6A22FF7FB65AAD19F1FFBA23FE3F57CC9B37EF28EF3C000000FBADD3E91CB97AF5EA67972F5FDE59BC787167E1C2856A98EABFFFFBBF3BA79F7E7AE7DA6BAF3DE05FBB68D1A2CEBDF7DEDB1F758D4F290000C02495817DE9D2A59D75EBD675B66FDFAE86B9366DDA74D0BF76FDFAF59D254B96F44780BFC2271500006012CA117681BDBE95C17DE1C285DB7D5201000026A19C122F1CD7BB72BABC4F2A0000C0249481503016DA01000018C7A17DF32B6B3BAB1FFC4167E5A2AFEDAE7C9CCF09D5423B0000006318DA5FDBB8A6F3C82F2FEE3C7CC797DF50F95CBE26580BED0000008C51687F76E5CFDF14D807EAB995B70BD6423B0000006315DA1FFDD53F0F19DAF335C15A68070000608C42FB230B7B870CEDF99A602DB403000020B40BED00000008ED832B578B1F2AB4E76B82B5D00E0000C01885F655CBBE336468CFD7046BA11D000080310AED1BD6FCB1F3C8DD97BC796A7C3C97AF09D6423B0000FF7F7B77CFD23010C071F87BBBB938B939B8FB2984BC10083AB9B9D9418488248B830E29A2F16EE8541BB590DE419F07FE4B92A143971F97528044D11EF77877B515EDF19AA816ED000000A48CF6719C56B797DBAFC6876BF19EB016ED0000002488F6B7D7E7E9E1E662E76FDAE3BDF88CB816ED0000001C2ADAC7717A59D5D3FDF5C9CE60DF2C3E139F75EA2EDA0100005838DA7F3B5D77EA2EDA0100004814ED7F395D9F3B7517DAA21D00008085A27DDF60DF4C688B76000000168A7613ED000000887613ED0000008876D10E0000806837D10E0000806817ED000000887613ED000000887613ED0000008876D10E00008068DF6FE1E3FDB843DD17ED00000088F699689FBBB6F47DD10E0000806817EDA21D000000D12EDA01000010EDA25DB403000020DA453B000000A25DB48B7600000044BBBF7C13ED000000A23DE36837D10E000020DA85B16807000040B49B6807000040B48B7600000044BB897600000044BB6807000040B49B6807000040B49B6807000040B48B7600000044BB897600000044BB6807000040B49B6807000040B49B6807000040B48B7600000044BB8976000000FEA5AA2A612CDA010000C851DBB69FC33088E34CD775DD5388F6B56F2A0000C011AAEBFAAC699AAFBEEF457286C15E96E547D8B96F2A0000C0910A51785A14C57B7C0DDBB2DA5AB00300000000000000000000000000000000000000000000000000000000000000000000000000C97D033E1F4B5897E7C7BA0000000049454E44AE426082, '1');
INSERT INTO `act_ge_bytearray` VALUES ('5', '1', 'D:\\IDEA-workspace\\zjyFFD-activiti\\target\\classes\\processes\\DangerProcess.dangerProcess.png', '1', 0x89504E470D0A1A0A0000000D4948445200000423000000A008060000003624A6AD0000133F4944415478DAEDDD4D6C1DE57A07F0E8AA8B2CD9B16497253B56BD0B57DDDD554590E78C8F2D8CF2A16082B050BE2031247152531129884B6221AEB8824223AE25371435A2CD4723DC3456682248C9AD0B22855C9C185B567A9D381FC6F674C6F2898E4FECD8C71FE78CE7FC7ED223071F3B4633FE9FE7CDA39977D6AC811A1445D1DAAB57AFFEE9FCF9F3D1E9D3A7A393274FAA14D4A953A7A22FBEF86232AE4EBFA5B2A164436694CC20B7720B90294903EAE9E989060707A3FBF7EFAB14D5D0D05074F6ECD9C9B8211DF29B2A1B4A366446C90C722BB70099914CC235A07437A293274FDEF79B2A1B4A366446C90C722BB70099915C92E7CD3EDD955CAEE7375536946CC88C9219E4566E0132237983F346AF09211BB281CCC80C72ABE41620754DE8F6FFDD88AE7EF9FBE8CAA9FD5395FC39F99C26A109C9866CC806322333C8AD925B80656F42B76EF647DFFC4B5BF4F53F6F9F51C9E792D7340A4D4836644336901999416E95DC022C6B13FAD3957F7AA80115EAA72B9F69149A906CC8866C20333283DC2AB90558DE26F4DFFFF6777336A1E4358D4213920DD9900D644666905B25B700CBDA84BE39B977CE2694BCA6516842B2211BB281CCC80C72ABE4962AD8BD7BF713478F1EFDF7F6F6F6D13D7BF64CB4B4B444F97C3ECAE57253B579F3E668C78E1D93FBF7EFBF137FDD1F5F7BEDB5BF72D4D0849426241B4A366446666406B955724BD90E1C38F0EADEBD7BEF343636466D6D6DD1F1E3C7A3CB972F47838383D1F8F87854303C3C1CF5F5F5459F7FFE7974E8D0A1A8A9A929194E8CC7DFF3F77575756B1D49D2DC84925D93E76A42C96B1A8526241BB2211BC88CCC20B74A6EA980D6D6D6BF7CE59557EE6CDCB831EAEAEA9A1A3694636C6C2C3A77EEDCD400A3A5A56522FE7B0E38AAA4B5097D77EE9D399B50F29A46A109C9866CC806322333C8AD925B56585B5B5BD7860D1BA20F3EF8201A1D1D8D96EACB2FBF8C366DDA143DFFFCF337C2307CDC11266D4D68B8FF72F4CDBFBEFEF0A579F1E792D7340A4D4836644336901999416E95DCB28276EDDAF5C7175E7821BA78F162B49C464646A223478E44CDCDCDE3EBD7AF7FD291264D4D28A9FFFDCF0F1F6A42C9E734094D4836644336901999416E95DCB2C28388AD5BB74EED07B1528E1D3B163536364E3EF3CC337FED88939A2674EF5EF4DD7F743E7C695EFCB9E4358D4213920DD9900D644666905B25B7AC80E4D68CE48A88951C44147CFAE9A7C940C21512A4A209DDBAD91F7D7BEEB773DE2B98BC967C8D66A109C9866CC886CCC88CCC20B74A6E5946C96695C91E115F7DF55554291F7FFCF1783E9FBFE1491B54AD09DDBB17DDF8EE4CF45F9FBF3A67032A54F235C9D79A8E6B42B2211BB22133322333C8AD925B96C9AE5DBBEE269B5556DA4B2FBD341104C11F9C012ADD84E69B829B8E6B42B2211BB281CCC80C722BB772CB0A3A70E0C0ABC9E33B97E3A919E5EAEFEF8F1A1A1A26832058E74C50C926B49029F8A3A6E31A8726241BB2211B3223333283DC2AB96509F6EEDD7BA7BBBB3BAA9637DE78E35E2E973BEF4C50C926B4D80654288D4313920DD9900D99911999416E95DCB248BB77EF7EA2B1B1311A1E1EAEDA30A2BFBF7F2297CB4DDA3B824A3621A509211BB281CCC80C72ABE4962AE9ECEC3CDFD6D61655DB962D5BEE8761D8E28CA0096942C886920D99513283DCCA2D19D7DEDE3EFAD9679F557D1871F8F0E111B76A50AEF877667821432C4D4813920DD9900D644666905B25B7A4C89E3D7B262E5FBE5CF561446F6FEF9DF8CDE4A63342994D289AAEE12008366A429A10B2211BC88CCCF88D965BB9955B5681969696687070B0EAC388818181F1300C279C1116D9840A3534DB845C13D2846443366403999119E456C92D2992CFE7A3F1F1F1280D92371167842536A10713F2E266A4096942B2211BB281CCC80C72ABE4969485382D0C2358C626F460429E5CB6A7096942B2211BB281CCC80C72ABE4961449DB95114AAD446942E92FBFA7B2A164436694CC28B9358CA086A465CF88A1A1217B46B09C13F1DB4110ECABABAB5B5BEDCBF3E21F3F6BAD96D73521D9A8D5EC58A0C98CCCC80C722BB772CB0ADABD7BF7E4952B5752F1348DF88DE3CFCE084B6C42339A4F41B587118FFA5CDA5FD78464A356B363812633322333C8ADDCCA2D2BA8BDBD7DF4C48913551F461C3E7C78247E03B9E08CB0C826742B0CC38ED2E663186118211BE9CD86059A6CC88CCCC80C722BB7725BC38E1C39F2E5C18307AB3E8CD8BA75EBBDF84DA4D519A1CC2634EB04DC30C2304236D29F0D0B34D99019999119E4566EE5B6866DDBB6EDC9679F7D361A1D1DADDA2062606060220CC3A8B9B9F9316784956018611881059A051A322333C8ADDCCA2D29B373E7CEB1B367CF566D18F1CE3BEF8C0641D0E74C6018611881059A059A6CC88CCCC80C722BB7D4885DBB76FD76DBB66D5579C4677245464343C3643E9F7FCA99C030C230020B340B34D99019999119E4566EA9212D2D2D133D3D3D151F46B4B7B7DFCDE5725F3B03647918B1C6A33D3521D9F0B833D99019999119E4566EE596876DDAB4E995B8A29B376F566C1071E9D2A5B1868686B1300C1F7706A8D526A43421D950B221334A66905BB9A5A66DD9B2E5A7B7DE7AAB22B76B5CBF7E7DEAF68CFAFAFA1D8E3C9A90D2846443C986CC2899416EE5961A953C16E7B9E79EFBE5C30F3F5CD141C4E0E060F2E48CF1300CFFD1514713529A906C28D990192533C8ADDC52E3822058D7D8D838D9DDDDBD6257442483885C2E77DED14613529A906C28D990192533C8ADDCFA4D654AF2648BC6C6C6F1F7DF7F7F6205F688987445049A90D2846443C986CC2899416E95DCF290E40A897C3E7F2379CAC68F3FFEB8E4C777264FCD4836ABB447049A90D2846443C986CC2899416E95DC32DF50E20F0D0D0D13070E1CB877F5EAD5B2AE9418181898387AF4E868723544FCF75CF1D40C3421A509C986920D99513283DC2AB965419221422E973B1BD7F8E6CD9BEFBFF9E69BB7CE9C39337AEDDAB5198FDD181E1E9EE8EDEDBD73F8F0E191AD5BB7DE8BBF2F0A82A02FB9EDC3514413529A906C28D990192533C8AD925B162508828DD38389A1B87E892B2A54188613F1C75B715D88FFDCDADCDCFC98238626A43421D950B221334A66905B25B78026A43421644336901999416E95DC0268429A90DF54D950B221334A66905BB905D0849426241B4A36901999416E95DC0268429A10B2211BC88C9219E4566E013421A509C986920D99513283DC2AB905D084342164433690199901B9955B80AA397DFAB4377A4D08D9900D644666905B25B70095D3D3D333313838E8CD3EA5F5D34F3FFD1837A1FB7E536543C986CC2899416EE5162033CE9C39F3B767CF9E9DFCF9E79FBDE9A7B0019D3A75EA97B80EF94D950D251B32A36406B9955B804C89DFE4F69D3C79F2767219984A55DDD780646339EAD8B163512E97930D64463F814CE756AF03004891787136902CD0EAEAEAD63A1A0064B8DFD95F0100200D8220D8982CCEA66B8F2302405619460000A4676176BD681871DB110120C33DCF30020020058BB2A6A241C4540541B0CF910120A37DCF30020020058BB281D26144727584BD2300C868DF338C0000A8F282AC699641C4548561D8E1080190C1DE6718010050E505D9D05CC388B86E39420064B0F719460000547131D6F4884184BD2300C86AFF338C0000A8E2626C60BE6184276B0090C1FE67180100608106007A1D0080051A00E875000058A001805E0700608106007A1D0000166800A0D7010058A001805E070080051A007A1D0000166800A0D7010058A001805E070080051A00E8750000166800A0D70100608106007A1D0080051A00E875000058A001A0D70100608106007A1D0080051A00E875000058A001805E0700608106007A1D0000166800A0D7010058A001805E07006081668106805E070080051A00E8750000166800A0D70100608106007A1D0080051A00E875000058A001A0D70100608106007A1D0080051A00E875000058A001805E0700608106007A1D0000166800A0D7010058A001805E070080051A007A1D0000166800A0D7010058A001805E070080051A00CCDFD70692DE364FDD76A40000AABB68338C00204B7DAD69BE61441004FB1C290080EA2EDA0C2300C85A6F1B7AC430E2565D5DDD5A470900A0BA0B36C30800B2D6DBE6BC3A220CC30E470800A0FA0B36C30800B2D8DF66DB3BE2B6AB220000D2B158338C00208BFDADC95E110000E95DAC19460090D51E77DD55110000E95CA8194600904941106C2C1A46EC7144000052C23002808CF7B9A9BD235C15010090AE459A61040059EE734D4F3FFDB45E070090B2459A051A005996DC9E114D7F0400200D0C2300C8B01D714DC67569FAA3A7690000A4816104B5ACF5ED33D16CB5D0D781542B0C220A0388E4CA888935AB6820E13DAA7A82205817D7DBF13AE942188637E38FE3C58F898D3F37117FBC157F4D5FFCE70FE2FAB5A306008611B0E085FEA33E37DFEBC0AA1944CCF779EF514CA9AFAFDF51F248D872EA565CBFB3592A00184680853ED49E3DF30C1C0AAFA77E0F09EF51155D0F35C5757B914388D2BA9F5C2DE1A80280610458E8436D0D22E61B34AC8A2B24BC47556C2D74BE74A090CFE7A38E8E8EA8ABAB2BBA72E54A74E3C68DE8EEDDBB51626C6C2C1A1C1C8CBEFDF6DBA8BBBB7BEAEB9A9A9A661B4A0CC57FCF538E3000184680853E64D78E35E55DF150EED77B8FCA98300C1F9FDE0FE2C100A1B9B939FAE8A38FA6860DE5181D1D8D8E1F3F1EB5B6B6CE184804413019FF8C56471B000C23C0421FB23B88D8B7C8EF4BE540C27BD4CA0E22E235D09F8B07076D6D6D5357402CC5F8F87874E2C489A92B2B8AFEEEC920080E39EA006018010F16ED76AA879A1D442CD7F77B8F5A9DC38819574424B763248384E5D2DFDF1F6DDFBEBDF42A098F960500C308003260BECD2A2BFDF7B03AD63E33F688E8EDED8D5642B2C744B29F44F115120D0D0DBF710600C0300280D53F8858AE5B2C56D5633F59F4BAA7A9F48A8895946C7679F0E0C1073F2F0CC3892008D639130068CA861100AC3EA57B3DFC2AAEF7A63F96A3F4FB52BFA9254B1304C19DE23D2296F3D68CB98C8C8C449B366D2ABE5DE3923301806184610400AB7310B1AF68A0F03F7145D31F173A9098EBFB0C2432AABEBE7E47F1533396BA5965392E5EBC38E3768D300C7FED8C0060180100AB731091786F7AA010953190281E4414EADDA2D7ED2191CD35CF406120903CBEB3D20E1D3A543C90B8E08C0060180100E937D78060B6C1C2A306120BFD7A7B486448B24F436110903C76737070B0E2C388EFBFFFBEF8568DC90D1B363CE1CC0060180100E91F44EC59E280A1DCC1855B3656C75A66380CC3967986116F170601C9132EAAA5B5B5B57833CB0E670F00C3080048A7850E04E61B34943B8828FEF9136B5C2191EAB5CC740D0741B0718EAFB950A927683CCA279F7C62234B00308C0060950C22163A08986BE0F0178B1C4414D84362750C230A35547AA544FCDF370BAFF7F5F5556D18D1DBDB5BFCFF39ECEC0160180100AB7B10F1A881C4FD250C2296FAFF43E587110FFEB15F184AC47F1E2F7CBE924FD12875EDDAB5E2DB34269C3D000C2300203D967A25C26C0389A50C224A0712F690581DC38807574A14FFF7DDBB77AB368C181B1B9BF1FFE6EC01A0812BA5945229AAB8452DF57EFAE4D68CD22B22EE4F7F7E292E393FABBBAACD30020000209DE67B7AC67C5C1951431E3178B81D04C1BEBABABAB5AE8C000000A09C7FF8DB33827287110F8610455F63CF08000000CA1A002CF44A044FD3A8ED61C4ADF81FF81DC54388024FD300000060310389F90601BF9A67E030DFEB73698A6BC22022D5C38887AE8498E56BBE2E0C01BABABAAA368C487E76D130E26B670F000020BDE6BB3261A183867207128541488753B0BA353434741686001D1D1D551B466CDFBEFDC13022088243CE0C000040BACD758544B90386857EBD414486E4F3F9A70A4380F8CFD1C8C84855F78B981E46AC7366000000D22FB942A2F49689F7D6947FEBC56C0389774B7E8E3D2232A678DF88EEEEEE8A0F233A3B3B8B8711DF3923000000AB6B2051BCA965F160A19C4D29E7FA3E8FEFCCA8E25B355A5A5A2AFA88CFFEFEFEA92B328AAECE089C11000080D5A5F4968D6490F0EE9AF21FD759FA7D7B0C22B22BD9E03297CBDD2D0C048E1F3F5EB161C4FEFDFB8BAF8AB8EE6C000000646320B154B3DD0242C6145F1D915CA9F0C30F3FACF820E2C4891333F68AA8AFAFFF1B67020000C04062B9071BA4582E971B280C065E7EF9E568747474C50611E7CE9D9B717B465CFFE00C000000AC7E4BBDB5C2AD193566FDFAF54FE672B989C280E0E0C183D1D8D8D88A0C229A9B9B6D5A09000090518B7DFA85CD2A6B5410041BE39A2C0C0A923D1D86878797F5D68C922B2286C2307CDC91070000C896726FB5706B468D0BC3B0A3782F87E42A86DEDEDE253F35E3F5D75F9FB147844104000040B62D74C0D034FD751D0E596DABAFAFDF91CBE5268B87071D1D1D515F5F5F5943886BD7AE459D9D9DA557434CDD9A6110010000907DF3ED0151786A864104531A1A1A7E93CBE5C64B8608D18B2FBE181D3B762CEAE9E9997AEA46615F89E463327C48AEA2E8EAEA8A76EEDC593A80B059250000400D9AEB0A09B76630ABE4EA855C2E77BEF42A8945D6758FEF040000A84DA583078308E695CFE79FCAE5723DC59B5B9651DFC5DF1F388A000000B5AD3080B8B4C62082323437373F36BD9FC4856403CAD2DB38C2304C1E0D3A1CD7D74110BC1DD73A470D00008082648F88688DC7770200000015F48443000000000000000000000000000000000000000000000000000000000000000000C06CFE1F15F2DC279A644CC30000000049454E44AE426082, '1');

-- ----------------------------
-- Table structure for act_ge_property
-- ----------------------------
DROP TABLE IF EXISTS `act_ge_property`;
CREATE TABLE `act_ge_property` (
  `NAME_` varchar(64) COLLATE utf8_bin NOT NULL,
  `VALUE_` varchar(300) COLLATE utf8_bin DEFAULT NULL,
  `REV_` int(11) DEFAULT NULL,
  PRIMARY KEY (`NAME_`)
) ENGINE=InnoDB DEFAULT CHARSET=utf8 COLLATE=utf8_bin;

-- ----------------------------
-- Records of act_ge_property
-- ----------------------------
INSERT INTO `act_ge_property` VALUES ('cfg.execution-related-entities-count', 'false', '1');
INSERT INTO `act_ge_property` VALUES ('next.dbid', '7501', '4');
INSERT INTO `act_ge_property` VALUES ('schema.history', 'create(6.0.0.4)', '1');
INSERT INTO `act_ge_property` VALUES ('schema.version', '6.0.0.4', '1');

-- ----------------------------
-- Table structure for act_hi_actinst
-- ----------------------------
DROP TABLE IF EXISTS `act_hi_actinst`;
CREATE TABLE `act_hi_actinst` (
  `ID_` varchar(64) COLLATE utf8_bin NOT NULL,
  `PROC_DEF_ID_` varchar(64) COLLATE utf8_bin NOT NULL,
  `PROC_INST_ID_` varchar(64) COLLATE utf8_bin NOT NULL,
  `EXECUTION_ID_` varchar(64) COLLATE utf8_bin NOT NULL,
  `ACT_ID_` varchar(255) COLLATE utf8_bin NOT NULL,
  `TASK_ID_` varchar(64) COLLATE utf8_bin DEFAULT NULL,
  `CALL_PROC_INST_ID_` varchar(64) COLLATE utf8_bin DEFAULT NULL,
  `ACT_NAME_` varchar(255) COLLATE utf8_bin DEFAULT NULL,
  `ACT_TYPE_` varchar(255) COLLATE utf8_bin NOT NULL,
  `ASSIGNEE_` varchar(255) COLLATE utf8_bin DEFAULT NULL,
  `START_TIME_` datetime(3) NOT NULL,
  `END_TIME_` datetime(3) DEFAULT NULL,
  `DURATION_` bigint(20) DEFAULT NULL,
  `DELETE_REASON_` varchar(4000) COLLATE utf8_bin DEFAULT NULL,
  `TENANT_ID_` varchar(255) COLLATE utf8_bin DEFAULT '',
  PRIMARY KEY (`ID_`),
  KEY `ACT_IDX_HI_ACT_INST_START` (`START_TIME_`),
  KEY `ACT_IDX_HI_ACT_INST_END` (`END_TIME_`),
  KEY `ACT_IDX_HI_ACT_INST_PROCINST` (`PROC_INST_ID_`,`ACT_ID_`),
  KEY `ACT_IDX_HI_ACT_INST_EXEC` (`EXECUTION_ID_`,`ACT_ID_`)
) ENGINE=InnoDB DEFAULT CHARSET=utf8 COLLATE=utf8_bin;

-- ----------------------------
-- Records of act_hi_actinst
-- ----------------------------
INSERT INTO `act_hi_actinst` VALUES ('2503', 'dangerProcess:1:7', '2501', '2502', 'startevent1', null, null, 'Start', 'startEvent', null, '2019-05-13 09:39:26.677', '2019-05-13 09:39:26.682', '5', null, '');
INSERT INTO `act_hi_actinst` VALUES ('2504', 'dangerProcess:1:7', '2501', '2502', 'usertask1', '2505', null, '', 'userTask', 'admin', '2019-05-13 09:39:26.687', '2019-05-13 09:39:40.099', '13412', null, '');
INSERT INTO `act_hi_actinst` VALUES ('2507', 'dangerProcess:1:7', '2501', '2502', 'usertask2', '2508', null, '', 'userTask', 'test', '2019-05-13 09:39:40.101', '2019-05-13 10:00:58.035', '1277934', null, '');
INSERT INTO `act_hi_actinst` VALUES ('5001', 'dangerProcess:1:7', '2501', '2502', 'usertask3', '5002', null, '', 'userTask', 'test', '2019-05-13 10:00:58.143', '2019-05-13 10:03:02.664', '124521', null, '');
INSERT INTO `act_hi_actinst` VALUES ('5003', 'dangerProcess:1:7', '2501', '2502', 'usertask4', '5004', null, '', 'userTask', 'admin', '2019-05-13 10:03:02.666', '2019-05-13 10:03:24.263', '21597', null, '');
INSERT INTO `act_hi_actinst` VALUES ('5006', 'dangerProcess:1:7', '2501', '2502', 'exclusivegateway1', null, null, 'Exclusive Gateway', 'exclusiveGateway', null, '2019-05-13 10:03:24.265', '2019-05-13 10:03:24.290', '25', null, '');
INSERT INTO `act_hi_actinst` VALUES ('5007', 'dangerProcess:1:7', '2501', '2502', 'usertask2', '5008', null, '', 'userTask', 'test', '2019-05-13 10:03:24.295', '2019-05-13 10:03:42.771', '18476', null, '');
INSERT INTO `act_hi_actinst` VALUES ('5009', 'dangerProcess:1:7', '2501', '2502', 'usertask3', '5010', null, '', 'userTask', 'test', '2019-05-13 10:03:42.773', '2019-05-13 10:03:48.604', '5831', null, '');
INSERT INTO `act_hi_actinst` VALUES ('5011', 'dangerProcess:1:7', '2501', '2502', 'usertask4', '5012', null, '', 'userTask', 'admin', '2019-05-13 10:03:48.605', '2019-05-13 10:05:51.544', '122939', null, '');
INSERT INTO `act_hi_actinst` VALUES ('5013', 'dangerProcess:1:7', '2501', '2502', 'exclusivegateway1', null, null, 'Exclusive Gateway', 'exclusiveGateway', null, '2019-05-13 10:05:51.545', '2019-05-13 10:05:51.552', '7', null, '');
INSERT INTO `act_hi_actinst` VALUES ('5014', 'dangerProcess:1:7', '2501', '2502', 'endevent1', null, null, 'End', 'endEvent', null, '2019-05-13 10:05:51.558', '2019-05-13 10:05:51.559', '1', null, '');

-- ----------------------------
-- Table structure for act_hi_attachment
-- ----------------------------
DROP TABLE IF EXISTS `act_hi_attachment`;
CREATE TABLE `act_hi_attachment` (
  `ID_` varchar(64) COLLATE utf8_bin NOT NULL,
  `REV_` int(11) DEFAULT NULL,
  `USER_ID_` varchar(255) COLLATE utf8_bin DEFAULT NULL,
  `NAME_` varchar(255) COLLATE utf8_bin DEFAULT NULL,
  `DESCRIPTION_` varchar(4000) COLLATE utf8_bin DEFAULT NULL,
  `TYPE_` varchar(255) COLLATE utf8_bin DEFAULT NULL,
  `TASK_ID_` varchar(64) COLLATE utf8_bin DEFAULT NULL,
  `PROC_INST_ID_` varchar(64) COLLATE utf8_bin DEFAULT NULL,
  `URL_` varchar(4000) COLLATE utf8_bin DEFAULT NULL,
  `CONTENT_ID_` varchar(64) COLLATE utf8_bin DEFAULT NULL,
  `TIME_` datetime(3) DEFAULT NULL,
  PRIMARY KEY (`ID_`)
) ENGINE=InnoDB DEFAULT CHARSET=utf8 COLLATE=utf8_bin;

-- ----------------------------
-- Records of act_hi_attachment
-- ----------------------------

-- ----------------------------
-- Table structure for act_hi_comment
-- ----------------------------
DROP TABLE IF EXISTS `act_hi_comment`;
CREATE TABLE `act_hi_comment` (
  `ID_` varchar(64) COLLATE utf8_bin NOT NULL,
  `TYPE_` varchar(255) COLLATE utf8_bin DEFAULT NULL,
  `TIME_` datetime(3) NOT NULL,
  `USER_ID_` varchar(255) COLLATE utf8_bin DEFAULT NULL,
  `TASK_ID_` varchar(64) COLLATE utf8_bin DEFAULT NULL,
  `PROC_INST_ID_` varchar(64) COLLATE utf8_bin DEFAULT NULL,
  `ACTION_` varchar(255) COLLATE utf8_bin DEFAULT NULL,
  `MESSAGE_` varchar(4000) COLLATE utf8_bin DEFAULT NULL,
  `FULL_MSG_` longblob,
  PRIMARY KEY (`ID_`)
) ENGINE=InnoDB DEFAULT CHARSET=utf8 COLLATE=utf8_bin;

-- ----------------------------
-- Records of act_hi_comment
-- ----------------------------

-- ----------------------------
-- Table structure for act_hi_detail
-- ----------------------------
DROP TABLE IF EXISTS `act_hi_detail`;
CREATE TABLE `act_hi_detail` (
  `ID_` varchar(64) COLLATE utf8_bin NOT NULL,
  `TYPE_` varchar(255) COLLATE utf8_bin NOT NULL,
  `PROC_INST_ID_` varchar(64) COLLATE utf8_bin DEFAULT NULL,
  `EXECUTION_ID_` varchar(64) COLLATE utf8_bin DEFAULT NULL,
  `TASK_ID_` varchar(64) COLLATE utf8_bin DEFAULT NULL,
  `ACT_INST_ID_` varchar(64) COLLATE utf8_bin DEFAULT NULL,
  `NAME_` varchar(255) COLLATE utf8_bin NOT NULL,
  `VAR_TYPE_` varchar(255) COLLATE utf8_bin DEFAULT NULL,
  `REV_` int(11) DEFAULT NULL,
  `TIME_` datetime(3) NOT NULL,
  `BYTEARRAY_ID_` varchar(64) COLLATE utf8_bin DEFAULT NULL,
  `DOUBLE_` double DEFAULT NULL,
  `LONG_` bigint(20) DEFAULT NULL,
  `TEXT_` varchar(4000) COLLATE utf8_bin DEFAULT NULL,
  `TEXT2_` varchar(4000) COLLATE utf8_bin DEFAULT NULL,
  PRIMARY KEY (`ID_`),
  KEY `ACT_IDX_HI_DETAIL_PROC_INST` (`PROC_INST_ID_`),
  KEY `ACT_IDX_HI_DETAIL_ACT_INST` (`ACT_INST_ID_`),
  KEY `ACT_IDX_HI_DETAIL_TIME` (`TIME_`),
  KEY `ACT_IDX_HI_DETAIL_NAME` (`NAME_`),
  KEY `ACT_IDX_HI_DETAIL_TASK_ID` (`TASK_ID_`)
) ENGINE=InnoDB DEFAULT CHARSET=utf8 COLLATE=utf8_bin;

-- ----------------------------
-- Records of act_hi_detail
-- ----------------------------

-- ----------------------------
-- Table structure for act_hi_identitylink
-- ----------------------------
DROP TABLE IF EXISTS `act_hi_identitylink`;
CREATE TABLE `act_hi_identitylink` (
  `ID_` varchar(64) COLLATE utf8_bin NOT NULL,
  `GROUP_ID_` varchar(255) COLLATE utf8_bin DEFAULT NULL,
  `TYPE_` varchar(255) COLLATE utf8_bin DEFAULT NULL,
  `USER_ID_` varchar(255) COLLATE utf8_bin DEFAULT NULL,
  `TASK_ID_` varchar(64) COLLATE utf8_bin DEFAULT NULL,
  `PROC_INST_ID_` varchar(64) COLLATE utf8_bin DEFAULT NULL,
  PRIMARY KEY (`ID_`),
  KEY `ACT_IDX_HI_IDENT_LNK_USER` (`USER_ID_`),
  KEY `ACT_IDX_HI_IDENT_LNK_TASK` (`TASK_ID_`),
  KEY `ACT_IDX_HI_IDENT_LNK_PROCINST` (`PROC_INST_ID_`)
) ENGINE=InnoDB DEFAULT CHARSET=utf8 COLLATE=utf8_bin;

-- ----------------------------
-- Records of act_hi_identitylink
-- ----------------------------
INSERT INTO `act_hi_identitylink` VALUES ('2506', null, 'participant', 'admin', null, '2501');
INSERT INTO `act_hi_identitylink` VALUES ('2509', null, 'participant', 'test', null, '2501');

-- ----------------------------
-- Table structure for act_hi_procinst
-- ----------------------------
DROP TABLE IF EXISTS `act_hi_procinst`;
CREATE TABLE `act_hi_procinst` (
  `ID_` varchar(64) COLLATE utf8_bin NOT NULL,
  `PROC_INST_ID_` varchar(64) COLLATE utf8_bin NOT NULL,
  `BUSINESS_KEY_` varchar(255) COLLATE utf8_bin DEFAULT NULL,
  `PROC_DEF_ID_` varchar(64) COLLATE utf8_bin NOT NULL,
  `START_TIME_` datetime(3) NOT NULL,
  `END_TIME_` datetime(3) DEFAULT NULL,
  `DURATION_` bigint(20) DEFAULT NULL,
  `START_USER_ID_` varchar(255) COLLATE utf8_bin DEFAULT NULL,
  `START_ACT_ID_` varchar(255) COLLATE utf8_bin DEFAULT NULL,
  `END_ACT_ID_` varchar(255) COLLATE utf8_bin DEFAULT NULL,
  `SUPER_PROCESS_INSTANCE_ID_` varchar(64) COLLATE utf8_bin DEFAULT NULL,
  `DELETE_REASON_` varchar(4000) COLLATE utf8_bin DEFAULT NULL,
  `TENANT_ID_` varchar(255) COLLATE utf8_bin DEFAULT '',
  `NAME_` varchar(255) COLLATE utf8_bin DEFAULT NULL,
  PRIMARY KEY (`ID_`),
  UNIQUE KEY `PROC_INST_ID_` (`PROC_INST_ID_`),
  KEY `ACT_IDX_HI_PRO_INST_END` (`END_TIME_`),
  KEY `ACT_IDX_HI_PRO_I_BUSKEY` (`BUSINESS_KEY_`)
) ENGINE=InnoDB DEFAULT CHARSET=utf8 COLLATE=utf8_bin;

-- ----------------------------
-- Records of act_hi_procinst
-- ----------------------------
INSERT INTO `act_hi_procinst` VALUES ('2501', '2501', null, 'dangerProcess:1:7', '2019-05-13 09:39:26.557', '2019-05-13 10:05:51.603', '1585046', null, 'startevent1', 'endevent1', null, null, '', null);

-- ----------------------------
-- Table structure for act_hi_taskinst
-- ----------------------------
DROP TABLE IF EXISTS `act_hi_taskinst`;
CREATE TABLE `act_hi_taskinst` (
  `ID_` varchar(64) COLLATE utf8_bin NOT NULL,
  `PROC_DEF_ID_` varchar(64) COLLATE utf8_bin DEFAULT NULL,
  `TASK_DEF_KEY_` varchar(255) COLLATE utf8_bin DEFAULT NULL,
  `PROC_INST_ID_` varchar(64) COLLATE utf8_bin DEFAULT NULL,
  `EXECUTION_ID_` varchar(64) COLLATE utf8_bin DEFAULT NULL,
  `NAME_` varchar(255) COLLATE utf8_bin DEFAULT NULL,
  `PARENT_TASK_ID_` varchar(64) COLLATE utf8_bin DEFAULT NULL,
  `DESCRIPTION_` varchar(4000) COLLATE utf8_bin DEFAULT NULL,
  `OWNER_` varchar(255) COLLATE utf8_bin DEFAULT NULL,
  `ASSIGNEE_` varchar(255) COLLATE utf8_bin DEFAULT NULL,
  `START_TIME_` datetime(3) NOT NULL,
  `CLAIM_TIME_` datetime(3) DEFAULT NULL,
  `END_TIME_` datetime(3) DEFAULT NULL,
  `DURATION_` bigint(20) DEFAULT NULL,
  `DELETE_REASON_` varchar(4000) COLLATE utf8_bin DEFAULT NULL,
  `PRIORITY_` int(11) DEFAULT NULL,
  `DUE_DATE_` datetime(3) DEFAULT NULL,
  `FORM_KEY_` varchar(255) COLLATE utf8_bin DEFAULT NULL,
  `CATEGORY_` varchar(255) COLLATE utf8_bin DEFAULT NULL,
  `TENANT_ID_` varchar(255) COLLATE utf8_bin DEFAULT '',
  PRIMARY KEY (`ID_`),
  KEY `ACT_IDX_HI_TASK_INST_PROCINST` (`PROC_INST_ID_`)
) ENGINE=InnoDB DEFAULT CHARSET=utf8 COLLATE=utf8_bin;

-- ----------------------------
-- Records of act_hi_taskinst
-- ----------------------------
INSERT INTO `act_hi_taskinst` VALUES ('2505', 'dangerProcess:1:7', 'usertask1', '2501', '2502', '', null, null, null, 'admin', '2019-05-13 09:39:26.706', null, '2019-05-13 09:39:40.087', '13381', null, '50', null, null, null, '');
INSERT INTO `act_hi_taskinst` VALUES ('2508', 'dangerProcess:1:7', 'usertask2', '2501', '2502', '', null, null, null, 'test', '2019-05-13 09:39:40.102', null, '2019-05-13 10:00:58.019', '1277917', null, '50', null, null, null, '');
INSERT INTO `act_hi_taskinst` VALUES ('5002', 'dangerProcess:1:7', 'usertask3', '2501', '2502', '', null, null, null, 'test', '2019-05-13 10:00:58.163', null, '2019-05-13 10:03:02.655', '124492', null, '50', null, null, null, '');
INSERT INTO `act_hi_taskinst` VALUES ('5004', 'dangerProcess:1:7', 'usertask4', '2501', '2502', '', null, null, null, 'admin', '2019-05-13 10:03:02.667', null, '2019-05-13 10:03:24.251', '21584', null, '50', null, null, null, '');
INSERT INTO `act_hi_taskinst` VALUES ('5008', 'dangerProcess:1:7', 'usertask2', '2501', '2502', '', null, null, null, 'test', '2019-05-13 10:03:24.296', null, '2019-05-13 10:03:42.760', '18464', null, '50', null, null, null, '');
INSERT INTO `act_hi_taskinst` VALUES ('5010', 'dangerProcess:1:7', 'usertask3', '2501', '2502', '', null, null, null, 'test', '2019-05-13 10:03:42.774', null, '2019-05-13 10:03:48.595', '5821', null, '50', null, null, null, '');
INSERT INTO `act_hi_taskinst` VALUES ('5012', 'dangerProcess:1:7', 'usertask4', '2501', '2502', '', null, null, null, 'admin', '2019-05-13 10:03:48.606', null, '2019-05-13 10:05:51.536', '122930', null, '50', null, null, null, '');

-- ----------------------------
-- Table structure for act_hi_varinst
-- ----------------------------
DROP TABLE IF EXISTS `act_hi_varinst`;
CREATE TABLE `act_hi_varinst` (
  `ID_` varchar(64) COLLATE utf8_bin NOT NULL,
  `PROC_INST_ID_` varchar(64) COLLATE utf8_bin DEFAULT NULL,
  `EXECUTION_ID_` varchar(64) COLLATE utf8_bin DEFAULT NULL,
  `TASK_ID_` varchar(64) COLLATE utf8_bin DEFAULT NULL,
  `NAME_` varchar(255) COLLATE utf8_bin NOT NULL,
  `VAR_TYPE_` varchar(100) COLLATE utf8_bin DEFAULT NULL,
  `REV_` int(11) DEFAULT NULL,
  `BYTEARRAY_ID_` varchar(64) COLLATE utf8_bin DEFAULT NULL,
  `DOUBLE_` double DEFAULT NULL,
  `LONG_` bigint(20) DEFAULT NULL,
  `TEXT_` varchar(4000) COLLATE utf8_bin DEFAULT NULL,
  `TEXT2_` varchar(4000) COLLATE utf8_bin DEFAULT NULL,
  `CREATE_TIME_` datetime(3) DEFAULT NULL,
  `LAST_UPDATED_TIME_` datetime(3) DEFAULT NULL,
  PRIMARY KEY (`ID_`),
  KEY `ACT_IDX_HI_PROCVAR_PROC_INST` (`PROC_INST_ID_`),
  KEY `ACT_IDX_HI_PROCVAR_NAME_TYPE` (`NAME_`,`VAR_TYPE_`),
  KEY `ACT_IDX_HI_PROCVAR_TASK_ID` (`TASK_ID_`)
) ENGINE=InnoDB DEFAULT CHARSET=utf8 COLLATE=utf8_bin;

-- ----------------------------
-- Records of act_hi_varinst
-- ----------------------------
INSERT INTO `act_hi_varinst` VALUES ('5005', '2501', '2501', null, 'agreeFlag', 'string', '1', null, null, null, 'true', null, '2019-05-13 10:03:24.181', '2019-05-13 10:05:51.420');

-- ----------------------------
-- Table structure for act_id_group
-- ----------------------------
DROP TABLE IF EXISTS `act_id_group`;
CREATE TABLE `act_id_group` (
  `ID_` varchar(64) COLLATE utf8_bin NOT NULL,
  `REV_` int(11) DEFAULT NULL,
  `NAME_` varchar(255) COLLATE utf8_bin DEFAULT NULL,
  `TYPE_` varchar(255) COLLATE utf8_bin DEFAULT NULL,
  PRIMARY KEY (`ID_`)
) ENGINE=InnoDB DEFAULT CHARSET=utf8 COLLATE=utf8_bin;

-- ----------------------------
-- Records of act_id_group
-- ----------------------------

-- ----------------------------
-- Table structure for act_id_info
-- ----------------------------
DROP TABLE IF EXISTS `act_id_info`;
CREATE TABLE `act_id_info` (
  `ID_` varchar(64) COLLATE utf8_bin NOT NULL,
  `REV_` int(11) DEFAULT NULL,
  `USER_ID_` varchar(64) COLLATE utf8_bin DEFAULT NULL,
  `TYPE_` varchar(64) COLLATE utf8_bin DEFAULT NULL,
  `KEY_` varchar(255) COLLATE utf8_bin DEFAULT NULL,
  `VALUE_` varchar(255) COLLATE utf8_bin DEFAULT NULL,
  `PASSWORD_` longblob,
  `PARENT_ID_` varchar(255) COLLATE utf8_bin DEFAULT NULL,
  PRIMARY KEY (`ID_`)
) ENGINE=InnoDB DEFAULT CHARSET=utf8 COLLATE=utf8_bin;

-- ----------------------------
-- Records of act_id_info
-- ----------------------------

-- ----------------------------
-- Table structure for act_id_membership
-- ----------------------------
DROP TABLE IF EXISTS `act_id_membership`;
CREATE TABLE `act_id_membership` (
  `USER_ID_` varchar(64) COLLATE utf8_bin NOT NULL,
  `GROUP_ID_` varchar(64) COLLATE utf8_bin NOT NULL,
  PRIMARY KEY (`USER_ID_`,`GROUP_ID_`),
  KEY `ACT_FK_MEMB_GROUP` (`GROUP_ID_`),
  CONSTRAINT `ACT_FK_MEMB_GROUP` FOREIGN KEY (`GROUP_ID_`) REFERENCES `act_id_group` (`id_`),
  CONSTRAINT `ACT_FK_MEMB_USER` FOREIGN KEY (`USER_ID_`) REFERENCES `act_id_user` (`id_`)
) ENGINE=InnoDB DEFAULT CHARSET=utf8 COLLATE=utf8_bin;

-- ----------------------------
-- Records of act_id_membership
-- ----------------------------

-- ----------------------------
-- Table structure for act_id_user
-- ----------------------------
DROP TABLE IF EXISTS `act_id_user`;
CREATE TABLE `act_id_user` (
  `ID_` varchar(64) COLLATE utf8_bin NOT NULL,
  `REV_` int(11) DEFAULT NULL,
  `FIRST_` varchar(255) COLLATE utf8_bin DEFAULT NULL,
  `LAST_` varchar(255) COLLATE utf8_bin DEFAULT NULL,
  `EMAIL_` varchar(255) COLLATE utf8_bin DEFAULT NULL,
  `PWD_` varchar(255) COLLATE utf8_bin DEFAULT NULL,
  `PICTURE_ID_` varchar(64) COLLATE utf8_bin DEFAULT NULL,
  PRIMARY KEY (`ID_`)
) ENGINE=InnoDB DEFAULT CHARSET=utf8 COLLATE=utf8_bin;

-- ----------------------------
-- Records of act_id_user
-- ----------------------------

-- ----------------------------
-- Table structure for act_procdef_info
-- ----------------------------
DROP TABLE IF EXISTS `act_procdef_info`;
CREATE TABLE `act_procdef_info` (
  `ID_` varchar(64) COLLATE utf8_bin NOT NULL,
  `PROC_DEF_ID_` varchar(64) COLLATE utf8_bin NOT NULL,
  `REV_` int(11) DEFAULT NULL,
  `INFO_JSON_ID_` varchar(64) COLLATE utf8_bin DEFAULT NULL,
  PRIMARY KEY (`ID_`),
  UNIQUE KEY `ACT_UNIQ_INFO_PROCDEF` (`PROC_DEF_ID_`),
  KEY `ACT_IDX_INFO_PROCDEF` (`PROC_DEF_ID_`),
  KEY `ACT_FK_INFO_JSON_BA` (`INFO_JSON_ID_`),
  CONSTRAINT `ACT_FK_INFO_JSON_BA` FOREIGN KEY (`INFO_JSON_ID_`) REFERENCES `act_ge_bytearray` (`id_`),
  CONSTRAINT `ACT_FK_INFO_PROCDEF` FOREIGN KEY (`PROC_DEF_ID_`) REFERENCES `act_re_procdef` (`id_`)
) ENGINE=InnoDB DEFAULT CHARSET=utf8 COLLATE=utf8_bin;

-- ----------------------------
-- Records of act_procdef_info
-- ----------------------------

-- ----------------------------
-- Table structure for act_re_deployment
-- ----------------------------
DROP TABLE IF EXISTS `act_re_deployment`;
CREATE TABLE `act_re_deployment` (
  `ID_` varchar(64) COLLATE utf8_bin NOT NULL,
  `NAME_` varchar(255) COLLATE utf8_bin DEFAULT NULL,
  `CATEGORY_` varchar(255) COLLATE utf8_bin DEFAULT NULL,
  `KEY_` varchar(255) COLLATE utf8_bin DEFAULT NULL,
  `TENANT_ID_` varchar(255) COLLATE utf8_bin DEFAULT '',
  `DEPLOY_TIME_` timestamp(3) NULL DEFAULT NULL,
  `ENGINE_VERSION_` varchar(255) COLLATE utf8_bin DEFAULT NULL,
  PRIMARY KEY (`ID_`)
) ENGINE=InnoDB DEFAULT CHARSET=utf8 COLLATE=utf8_bin;

-- ----------------------------
-- Records of act_re_deployment
-- ----------------------------
INSERT INTO `act_re_deployment` VALUES ('1', 'SpringAutoDeployment', null, null, '', '2019-05-13 09:33:32.819', null);

-- ----------------------------
-- Table structure for act_re_model
-- ----------------------------
DROP TABLE IF EXISTS `act_re_model`;
CREATE TABLE `act_re_model` (
  `ID_` varchar(64) COLLATE utf8_bin NOT NULL,
  `REV_` int(11) DEFAULT NULL,
  `NAME_` varchar(255) COLLATE utf8_bin DEFAULT NULL,
  `KEY_` varchar(255) COLLATE utf8_bin DEFAULT NULL,
  `CATEGORY_` varchar(255) COLLATE utf8_bin DEFAULT NULL,
  `CREATE_TIME_` timestamp(3) NULL DEFAULT NULL,
  `LAST_UPDATE_TIME_` timestamp(3) NULL DEFAULT NULL,
  `VERSION_` int(11) DEFAULT NULL,
  `META_INFO_` varchar(4000) COLLATE utf8_bin DEFAULT NULL,
  `DEPLOYMENT_ID_` varchar(64) COLLATE utf8_bin DEFAULT NULL,
  `EDITOR_SOURCE_VALUE_ID_` varchar(64) COLLATE utf8_bin DEFAULT NULL,
  `EDITOR_SOURCE_EXTRA_VALUE_ID_` varchar(64) COLLATE utf8_bin DEFAULT NULL,
  `TENANT_ID_` varchar(255) COLLATE utf8_bin DEFAULT '',
  PRIMARY KEY (`ID_`),
  KEY `ACT_FK_MODEL_SOURCE` (`EDITOR_SOURCE_VALUE_ID_`),
  KEY `ACT_FK_MODEL_SOURCE_EXTRA` (`EDITOR_SOURCE_EXTRA_VALUE_ID_`),
  KEY `ACT_FK_MODEL_DEPLOYMENT` (`DEPLOYMENT_ID_`),
  CONSTRAINT `ACT_FK_MODEL_DEPLOYMENT` FOREIGN KEY (`DEPLOYMENT_ID_`) REFERENCES `act_re_deployment` (`id_`),
  CONSTRAINT `ACT_FK_MODEL_SOURCE` FOREIGN KEY (`EDITOR_SOURCE_VALUE_ID_`) REFERENCES `act_ge_bytearray` (`id_`),
  CONSTRAINT `ACT_FK_MODEL_SOURCE_EXTRA` FOREIGN KEY (`EDITOR_SOURCE_EXTRA_VALUE_ID_`) REFERENCES `act_ge_bytearray` (`id_`)
) ENGINE=InnoDB DEFAULT CHARSET=utf8 COLLATE=utf8_bin;

-- ----------------------------
-- Records of act_re_model
-- ----------------------------

-- ----------------------------
-- Table structure for act_re_procdef
-- ----------------------------
DROP TABLE IF EXISTS `act_re_procdef`;
CREATE TABLE `act_re_procdef` (
  `ID_` varchar(64) COLLATE utf8_bin NOT NULL,
  `REV_` int(11) DEFAULT NULL,
  `CATEGORY_` varchar(255) COLLATE utf8_bin DEFAULT NULL,
  `NAME_` varchar(255) COLLATE utf8_bin DEFAULT NULL,
  `KEY_` varchar(255) COLLATE utf8_bin NOT NULL,
  `VERSION_` int(11) NOT NULL,
  `DEPLOYMENT_ID_` varchar(64) COLLATE utf8_bin DEFAULT NULL,
  `RESOURCE_NAME_` varchar(4000) COLLATE utf8_bin DEFAULT NULL,
  `DGRM_RESOURCE_NAME_` varchar(4000) COLLATE utf8_bin DEFAULT NULL,
  `DESCRIPTION_` varchar(4000) COLLATE utf8_bin DEFAULT NULL,
  `HAS_START_FORM_KEY_` tinyint(4) DEFAULT NULL,
  `HAS_GRAPHICAL_NOTATION_` tinyint(4) DEFAULT NULL,
  `SUSPENSION_STATE_` int(11) DEFAULT NULL,
  `TENANT_ID_` varchar(255) COLLATE utf8_bin DEFAULT '',
  `ENGINE_VERSION_` varchar(255) COLLATE utf8_bin DEFAULT NULL,
  PRIMARY KEY (`ID_`),
  UNIQUE KEY `ACT_UNIQ_PROCDEF` (`KEY_`,`VERSION_`,`TENANT_ID_`)
) ENGINE=InnoDB DEFAULT CHARSET=utf8 COLLATE=utf8_bin;

-- ----------------------------
-- Records of act_re_procdef
-- ----------------------------
INSERT INTO `act_re_procdef` VALUES ('dangerProcess:1:7', '1', 'http://www.activiti.org/test', '', 'dangerProcess', '1', '1', 'D:\\IDEA-workspace\\zjyFFD-activiti\\target\\classes\\processes\\DangerProcess.bpmn', 'D:\\IDEA-workspace\\zjyFFD-activiti\\target\\classes\\processes\\DangerProcess.dangerProcess.png', null, '0', '1', '1', '', null);
INSERT INTO `act_re_procdef` VALUES ('myProcess:1:6', '1', 'http://www.activiti.org/test', 'My process', 'myProcess', '1', '1', 'D:\\IDEA-workspace\\zjyFFD-activiti\\target\\classes\\processes\\process01.bpmn', 'D:\\IDEA-workspace\\zjyFFD-activiti\\target\\classes\\processes\\process01.myProcess.png', null, '0', '1', '1', '', null);

-- ----------------------------
-- Table structure for act_ru_deadletter_job
-- ----------------------------
DROP TABLE IF EXISTS `act_ru_deadletter_job`;
CREATE TABLE `act_ru_deadletter_job` (
  `ID_` varchar(64) COLLATE utf8_bin NOT NULL,
  `REV_` int(11) DEFAULT NULL,
  `TYPE_` varchar(255) COLLATE utf8_bin NOT NULL,
  `EXCLUSIVE_` tinyint(1) DEFAULT NULL,
  `EXECUTION_ID_` varchar(64) COLLATE utf8_bin DEFAULT NULL,
  `PROCESS_INSTANCE_ID_` varchar(64) COLLATE utf8_bin DEFAULT NULL,
  `PROC_DEF_ID_` varchar(64) COLLATE utf8_bin DEFAULT NULL,
  `EXCEPTION_STACK_ID_` varchar(64) COLLATE utf8_bin DEFAULT NULL,
  `EXCEPTION_MSG_` varchar(4000) COLLATE utf8_bin DEFAULT NULL,
  `DUEDATE_` timestamp(3) NULL DEFAULT NULL,
  `REPEAT_` varchar(255) COLLATE utf8_bin DEFAULT NULL,
  `HANDLER_TYPE_` varchar(255) COLLATE utf8_bin DEFAULT NULL,
  `HANDLER_CFG_` varchar(4000) COLLATE utf8_bin DEFAULT NULL,
  `TENANT_ID_` varchar(255) COLLATE utf8_bin DEFAULT '',
  PRIMARY KEY (`ID_`),
  KEY `ACT_FK_DEADLETTER_JOB_EXECUTION` (`EXECUTION_ID_`),
  KEY `ACT_FK_DEADLETTER_JOB_PROCESS_INSTANCE` (`PROCESS_INSTANCE_ID_`),
  KEY `ACT_FK_DEADLETTER_JOB_PROC_DEF` (`PROC_DEF_ID_`),
  KEY `ACT_FK_DEADLETTER_JOB_EXCEPTION` (`EXCEPTION_STACK_ID_`),
  CONSTRAINT `ACT_FK_DEADLETTER_JOB_EXCEPTION` FOREIGN KEY (`EXCEPTION_STACK_ID_`) REFERENCES `act_ge_bytearray` (`id_`),
  CONSTRAINT `ACT_FK_DEADLETTER_JOB_EXECUTION` FOREIGN KEY (`EXECUTION_ID_`) REFERENCES `act_ru_execution` (`id_`),
  CONSTRAINT `ACT_FK_DEADLETTER_JOB_PROCESS_INSTANCE` FOREIGN KEY (`PROCESS_INSTANCE_ID_`) REFERENCES `act_ru_execution` (`id_`),
  CONSTRAINT `ACT_FK_DEADLETTER_JOB_PROC_DEF` FOREIGN KEY (`PROC_DEF_ID_`) REFERENCES `act_re_procdef` (`id_`)
) ENGINE=InnoDB DEFAULT CHARSET=utf8 COLLATE=utf8_bin;

-- ----------------------------
-- Records of act_ru_deadletter_job
-- ----------------------------

-- ----------------------------
-- Table structure for act_ru_event_subscr
-- ----------------------------
DROP TABLE IF EXISTS `act_ru_event_subscr`;
CREATE TABLE `act_ru_event_subscr` (
  `ID_` varchar(64) COLLATE utf8_bin NOT NULL,
  `REV_` int(11) DEFAULT NULL,
  `EVENT_TYPE_` varchar(255) COLLATE utf8_bin NOT NULL,
  `EVENT_NAME_` varchar(255) COLLATE utf8_bin DEFAULT NULL,
  `EXECUTION_ID_` varchar(64) COLLATE utf8_bin DEFAULT NULL,
  `PROC_INST_ID_` varchar(64) COLLATE utf8_bin DEFAULT NULL,
  `ACTIVITY_ID_` varchar(64) COLLATE utf8_bin DEFAULT NULL,
  `CONFIGURATION_` varchar(255) COLLATE utf8_bin DEFAULT NULL,
  `CREATED_` timestamp(3) NOT NULL DEFAULT CURRENT_TIMESTAMP(3),
  `PROC_DEF_ID_` varchar(64) COLLATE utf8_bin DEFAULT NULL,
  `TENANT_ID_` varchar(255) COLLATE utf8_bin DEFAULT '',
  PRIMARY KEY (`ID_`),
  KEY `ACT_IDX_EVENT_SUBSCR_CONFIG_` (`CONFIGURATION_`),
  KEY `ACT_FK_EVENT_EXEC` (`EXECUTION_ID_`),
  CONSTRAINT `ACT_FK_EVENT_EXEC` FOREIGN KEY (`EXECUTION_ID_`) REFERENCES `act_ru_execution` (`id_`)
) ENGINE=InnoDB DEFAULT CHARSET=utf8 COLLATE=utf8_bin;

-- ----------------------------
-- Records of act_ru_event_subscr
-- ----------------------------

-- ----------------------------
-- Table structure for act_ru_execution
-- ----------------------------
DROP TABLE IF EXISTS `act_ru_execution`;
CREATE TABLE `act_ru_execution` (
  `ID_` varchar(64) COLLATE utf8_bin NOT NULL,
  `REV_` int(11) DEFAULT NULL,
  `PROC_INST_ID_` varchar(64) COLLATE utf8_bin DEFAULT NULL,
  `BUSINESS_KEY_` varchar(255) COLLATE utf8_bin DEFAULT NULL,
  `PARENT_ID_` varchar(64) COLLATE utf8_bin DEFAULT NULL,
  `PROC_DEF_ID_` varchar(64) COLLATE utf8_bin DEFAULT NULL,
  `SUPER_EXEC_` varchar(64) COLLATE utf8_bin DEFAULT NULL,
  `ROOT_PROC_INST_ID_` varchar(64) COLLATE utf8_bin DEFAULT NULL,
  `ACT_ID_` varchar(255) COLLATE utf8_bin DEFAULT NULL,
  `IS_ACTIVE_` tinyint(4) DEFAULT NULL,
  `IS_CONCURRENT_` tinyint(4) DEFAULT NULL,
  `IS_SCOPE_` tinyint(4) DEFAULT NULL,
  `IS_EVENT_SCOPE_` tinyint(4) DEFAULT NULL,
  `IS_MI_ROOT_` tinyint(4) DEFAULT NULL,
  `SUSPENSION_STATE_` int(11) DEFAULT NULL,
  `CACHED_ENT_STATE_` int(11) DEFAULT NULL,
  `TENANT_ID_` varchar(255) COLLATE utf8_bin DEFAULT '',
  `NAME_` varchar(255) COLLATE utf8_bin DEFAULT NULL,
  `START_TIME_` datetime(3) DEFAULT NULL,
  `START_USER_ID_` varchar(255) COLLATE utf8_bin DEFAULT NULL,
  `LOCK_TIME_` timestamp(3) NULL DEFAULT NULL,
  `IS_COUNT_ENABLED_` tinyint(4) DEFAULT NULL,
  `EVT_SUBSCR_COUNT_` int(11) DEFAULT NULL,
  `TASK_COUNT_` int(11) DEFAULT NULL,
  `JOB_COUNT_` int(11) DEFAULT NULL,
  `TIMER_JOB_COUNT_` int(11) DEFAULT NULL,
  `SUSP_JOB_COUNT_` int(11) DEFAULT NULL,
  `DEADLETTER_JOB_COUNT_` int(11) DEFAULT NULL,
  `VAR_COUNT_` int(11) DEFAULT NULL,
  `ID_LINK_COUNT_` int(11) DEFAULT NULL,
  PRIMARY KEY (`ID_`),
  KEY `ACT_IDX_EXEC_BUSKEY` (`BUSINESS_KEY_`),
  KEY `ACT_IDC_EXEC_ROOT` (`ROOT_PROC_INST_ID_`),
  KEY `ACT_FK_EXE_PROCINST` (`PROC_INST_ID_`),
  KEY `ACT_FK_EXE_PARENT` (`PARENT_ID_`),
  KEY `ACT_FK_EXE_SUPER` (`SUPER_EXEC_`),
  KEY `ACT_FK_EXE_PROCDEF` (`PROC_DEF_ID_`),
  CONSTRAINT `ACT_FK_EXE_PARENT` FOREIGN KEY (`PARENT_ID_`) REFERENCES `act_ru_execution` (`id_`) ON DELETE CASCADE,
  CONSTRAINT `ACT_FK_EXE_PROCDEF` FOREIGN KEY (`PROC_DEF_ID_`) REFERENCES `act_re_procdef` (`id_`),
  CONSTRAINT `ACT_FK_EXE_PROCINST` FOREIGN KEY (`PROC_INST_ID_`) REFERENCES `act_ru_execution` (`id_`) ON DELETE CASCADE ON UPDATE CASCADE,
  CONSTRAINT `ACT_FK_EXE_SUPER` FOREIGN KEY (`SUPER_EXEC_`) REFERENCES `act_ru_execution` (`id_`) ON DELETE CASCADE
) ENGINE=InnoDB DEFAULT CHARSET=utf8 COLLATE=utf8_bin;

-- ----------------------------
-- Records of act_ru_execution
-- ----------------------------

-- ----------------------------
-- Table structure for act_ru_identitylink
-- ----------------------------
DROP TABLE IF EXISTS `act_ru_identitylink`;
CREATE TABLE `act_ru_identitylink` (
  `ID_` varchar(64) COLLATE utf8_bin NOT NULL,
  `REV_` int(11) DEFAULT NULL,
  `GROUP_ID_` varchar(255) COLLATE utf8_bin DEFAULT NULL,
  `TYPE_` varchar(255) COLLATE utf8_bin DEFAULT NULL,
  `USER_ID_` varchar(255) COLLATE utf8_bin DEFAULT NULL,
  `TASK_ID_` varchar(64) COLLATE utf8_bin DEFAULT NULL,
  `PROC_INST_ID_` varchar(64) COLLATE utf8_bin DEFAULT NULL,
  `PROC_DEF_ID_` varchar(64) COLLATE utf8_bin DEFAULT NULL,
  PRIMARY KEY (`ID_`),
  KEY `ACT_IDX_IDENT_LNK_USER` (`USER_ID_`),
  KEY `ACT_IDX_IDENT_LNK_GROUP` (`GROUP_ID_`),
  KEY `ACT_IDX_ATHRZ_PROCEDEF` (`PROC_DEF_ID_`),
  KEY `ACT_FK_TSKASS_TASK` (`TASK_ID_`),
  KEY `ACT_FK_IDL_PROCINST` (`PROC_INST_ID_`),
  CONSTRAINT `ACT_FK_ATHRZ_PROCEDEF` FOREIGN KEY (`PROC_DEF_ID_`) REFERENCES `act_re_procdef` (`id_`),
  CONSTRAINT `ACT_FK_IDL_PROCINST` FOREIGN KEY (`PROC_INST_ID_`) REFERENCES `act_ru_execution` (`id_`),
  CONSTRAINT `ACT_FK_TSKASS_TASK` FOREIGN KEY (`TASK_ID_`) REFERENCES `act_ru_task` (`id_`)
) ENGINE=InnoDB DEFAULT CHARSET=utf8 COLLATE=utf8_bin;

-- ----------------------------
-- Records of act_ru_identitylink
-- ----------------------------

-- ----------------------------
-- Table structure for act_ru_job
-- ----------------------------
DROP TABLE IF EXISTS `act_ru_job`;
CREATE TABLE `act_ru_job` (
  `ID_` varchar(64) COLLATE utf8_bin NOT NULL,
  `REV_` int(11) DEFAULT NULL,
  `TYPE_` varchar(255) COLLATE utf8_bin NOT NULL,
  `LOCK_EXP_TIME_` timestamp(3) NULL DEFAULT NULL,
  `LOCK_OWNER_` varchar(255) COLLATE utf8_bin DEFAULT NULL,
  `EXCLUSIVE_` tinyint(1) DEFAULT NULL,
  `EXECUTION_ID_` varchar(64) COLLATE utf8_bin DEFAULT NULL,
  `PROCESS_INSTANCE_ID_` varchar(64) COLLATE utf8_bin DEFAULT NULL,
  `PROC_DEF_ID_` varchar(64) COLLATE utf8_bin DEFAULT NULL,
  `RETRIES_` int(11) DEFAULT NULL,
  `EXCEPTION_STACK_ID_` varchar(64) COLLATE utf8_bin DEFAULT NULL,
  `EXCEPTION_MSG_` varchar(4000) COLLATE utf8_bin DEFAULT NULL,
  `DUEDATE_` timestamp(3) NULL DEFAULT NULL,
  `REPEAT_` varchar(255) COLLATE utf8_bin DEFAULT NULL,
  `HANDLER_TYPE_` varchar(255) COLLATE utf8_bin DEFAULT NULL,
  `HANDLER_CFG_` varchar(4000) COLLATE utf8_bin DEFAULT NULL,
  `TENANT_ID_` varchar(255) COLLATE utf8_bin DEFAULT '',
  PRIMARY KEY (`ID_`),
  KEY `ACT_FK_JOB_EXECUTION` (`EXECUTION_ID_`),
  KEY `ACT_FK_JOB_PROCESS_INSTANCE` (`PROCESS_INSTANCE_ID_`),
  KEY `ACT_FK_JOB_PROC_DEF` (`PROC_DEF_ID_`),
  KEY `ACT_FK_JOB_EXCEPTION` (`EXCEPTION_STACK_ID_`),
  CONSTRAINT `ACT_FK_JOB_EXCEPTION` FOREIGN KEY (`EXCEPTION_STACK_ID_`) REFERENCES `act_ge_bytearray` (`id_`),
  CONSTRAINT `ACT_FK_JOB_EXECUTION` FOREIGN KEY (`EXECUTION_ID_`) REFERENCES `act_ru_execution` (`id_`),
  CONSTRAINT `ACT_FK_JOB_PROCESS_INSTANCE` FOREIGN KEY (`PROCESS_INSTANCE_ID_`) REFERENCES `act_ru_execution` (`id_`),
  CONSTRAINT `ACT_FK_JOB_PROC_DEF` FOREIGN KEY (`PROC_DEF_ID_`) REFERENCES `act_re_procdef` (`id_`)
) ENGINE=InnoDB DEFAULT CHARSET=utf8 COLLATE=utf8_bin;

-- ----------------------------
-- Records of act_ru_job
-- ----------------------------

-- ----------------------------
-- Table structure for act_ru_suspended_job
-- ----------------------------
DROP TABLE IF EXISTS `act_ru_suspended_job`;
CREATE TABLE `act_ru_suspended_job` (
  `ID_` varchar(64) COLLATE utf8_bin NOT NULL,
  `REV_` int(11) DEFAULT NULL,
  `TYPE_` varchar(255) COLLATE utf8_bin NOT NULL,
  `EXCLUSIVE_` tinyint(1) DEFAULT NULL,
  `EXECUTION_ID_` varchar(64) COLLATE utf8_bin DEFAULT NULL,
  `PROCESS_INSTANCE_ID_` varchar(64) COLLATE utf8_bin DEFAULT NULL,
  `PROC_DEF_ID_` varchar(64) COLLATE utf8_bin DEFAULT NULL,
  `RETRIES_` int(11) DEFAULT NULL,
  `EXCEPTION_STACK_ID_` varchar(64) COLLATE utf8_bin DEFAULT NULL,
  `EXCEPTION_MSG_` varchar(4000) COLLATE utf8_bin DEFAULT NULL,
  `DUEDATE_` timestamp(3) NULL DEFAULT NULL,
  `REPEAT_` varchar(255) COLLATE utf8_bin DEFAULT NULL,
  `HANDLER_TYPE_` varchar(255) COLLATE utf8_bin DEFAULT NULL,
  `HANDLER_CFG_` varchar(4000) COLLATE utf8_bin DEFAULT NULL,
  `TENANT_ID_` varchar(255) COLLATE utf8_bin DEFAULT '',
  PRIMARY KEY (`ID_`),
  KEY `ACT_FK_SUSPENDED_JOB_EXECUTION` (`EXECUTION_ID_`),
  KEY `ACT_FK_SUSPENDED_JOB_PROCESS_INSTANCE` (`PROCESS_INSTANCE_ID_`),
  KEY `ACT_FK_SUSPENDED_JOB_PROC_DEF` (`PROC_DEF_ID_`),
  KEY `ACT_FK_SUSPENDED_JOB_EXCEPTION` (`EXCEPTION_STACK_ID_`),
  CONSTRAINT `ACT_FK_SUSPENDED_JOB_EXCEPTION` FOREIGN KEY (`EXCEPTION_STACK_ID_`) REFERENCES `act_ge_bytearray` (`id_`),
  CONSTRAINT `ACT_FK_SUSPENDED_JOB_EXECUTION` FOREIGN KEY (`EXECUTION_ID_`) REFERENCES `act_ru_execution` (`id_`),
  CONSTRAINT `ACT_FK_SUSPENDED_JOB_PROCESS_INSTANCE` FOREIGN KEY (`PROCESS_INSTANCE_ID_`) REFERENCES `act_ru_execution` (`id_`),
  CONSTRAINT `ACT_FK_SUSPENDED_JOB_PROC_DEF` FOREIGN KEY (`PROC_DEF_ID_`) REFERENCES `act_re_procdef` (`id_`)
) ENGINE=InnoDB DEFAULT CHARSET=utf8 COLLATE=utf8_bin;

-- ----------------------------
-- Records of act_ru_suspended_job
-- ----------------------------

-- ----------------------------
-- Table structure for act_ru_task
-- ----------------------------
DROP TABLE IF EXISTS `act_ru_task`;
CREATE TABLE `act_ru_task` (
  `ID_` varchar(64) COLLATE utf8_bin NOT NULL,
  `REV_` int(11) DEFAULT NULL,
  `EXECUTION_ID_` varchar(64) COLLATE utf8_bin DEFAULT NULL,
  `PROC_INST_ID_` varchar(64) COLLATE utf8_bin DEFAULT NULL,
  `PROC_DEF_ID_` varchar(64) COLLATE utf8_bin DEFAULT NULL,
  `NAME_` varchar(255) COLLATE utf8_bin DEFAULT NULL,
  `PARENT_TASK_ID_` varchar(64) COLLATE utf8_bin DEFAULT NULL,
  `DESCRIPTION_` varchar(4000) COLLATE utf8_bin DEFAULT NULL,
  `TASK_DEF_KEY_` varchar(255) COLLATE utf8_bin DEFAULT NULL,
  `OWNER_` varchar(255) COLLATE utf8_bin DEFAULT NULL,
  `ASSIGNEE_` varchar(255) COLLATE utf8_bin DEFAULT NULL,
  `DELEGATION_` varchar(64) COLLATE utf8_bin DEFAULT NULL,
  `PRIORITY_` int(11) DEFAULT NULL,
  `CREATE_TIME_` timestamp(3) NULL DEFAULT NULL,
  `DUE_DATE_` datetime(3) DEFAULT NULL,
  `CATEGORY_` varchar(255) COLLATE utf8_bin DEFAULT NULL,
  `SUSPENSION_STATE_` int(11) DEFAULT NULL,
  `TENANT_ID_` varchar(255) COLLATE utf8_bin DEFAULT '',
  `FORM_KEY_` varchar(255) COLLATE utf8_bin DEFAULT NULL,
  `CLAIM_TIME_` datetime(3) DEFAULT NULL,
  PRIMARY KEY (`ID_`),
  KEY `ACT_IDX_TASK_CREATE` (`CREATE_TIME_`),
  KEY `ACT_FK_TASK_EXE` (`EXECUTION_ID_`),
  KEY `ACT_FK_TASK_PROCINST` (`PROC_INST_ID_`),
  KEY `ACT_FK_TASK_PROCDEF` (`PROC_DEF_ID_`),
  CONSTRAINT `ACT_FK_TASK_EXE` FOREIGN KEY (`EXECUTION_ID_`) REFERENCES `act_ru_execution` (`id_`),
  CONSTRAINT `ACT_FK_TASK_PROCDEF` FOREIGN KEY (`PROC_DEF_ID_`) REFERENCES `act_re_procdef` (`id_`),
  CONSTRAINT `ACT_FK_TASK_PROCINST` FOREIGN KEY (`PROC_INST_ID_`) REFERENCES `act_ru_execution` (`id_`)
) ENGINE=InnoDB DEFAULT CHARSET=utf8 COLLATE=utf8_bin;

-- ----------------------------
-- Records of act_ru_task
-- ----------------------------

-- ----------------------------
-- Table structure for act_ru_timer_job
-- ----------------------------
DROP TABLE IF EXISTS `act_ru_timer_job`;
CREATE TABLE `act_ru_timer_job` (
  `ID_` varchar(64) COLLATE utf8_bin NOT NULL,
  `REV_` int(11) DEFAULT NULL,
  `TYPE_` varchar(255) COLLATE utf8_bin NOT NULL,
  `LOCK_EXP_TIME_` timestamp(3) NULL DEFAULT NULL,
  `LOCK_OWNER_` varchar(255) COLLATE utf8_bin DEFAULT NULL,
  `EXCLUSIVE_` tinyint(1) DEFAULT NULL,
  `EXECUTION_ID_` varchar(64) COLLATE utf8_bin DEFAULT NULL,
  `PROCESS_INSTANCE_ID_` varchar(64) COLLATE utf8_bin DEFAULT NULL,
  `PROC_DEF_ID_` varchar(64) COLLATE utf8_bin DEFAULT NULL,
  `RETRIES_` int(11) DEFAULT NULL,
  `EXCEPTION_STACK_ID_` varchar(64) COLLATE utf8_bin DEFAULT NULL,
  `EXCEPTION_MSG_` varchar(4000) COLLATE utf8_bin DEFAULT NULL,
  `DUEDATE_` timestamp(3) NULL DEFAULT NULL,
  `REPEAT_` varchar(255) COLLATE utf8_bin DEFAULT NULL,
  `HANDLER_TYPE_` varchar(255) COLLATE utf8_bin DEFAULT NULL,
  `HANDLER_CFG_` varchar(4000) COLLATE utf8_bin DEFAULT NULL,
  `TENANT_ID_` varchar(255) COLLATE utf8_bin DEFAULT '',
  PRIMARY KEY (`ID_`),
  KEY `ACT_FK_TIMER_JOB_EXECUTION` (`EXECUTION_ID_`),
  KEY `ACT_FK_TIMER_JOB_PROCESS_INSTANCE` (`PROCESS_INSTANCE_ID_`),
  KEY `ACT_FK_TIMER_JOB_PROC_DEF` (`PROC_DEF_ID_`),
  KEY `ACT_FK_TIMER_JOB_EXCEPTION` (`EXCEPTION_STACK_ID_`),
  CONSTRAINT `ACT_FK_TIMER_JOB_EXCEPTION` FOREIGN KEY (`EXCEPTION_STACK_ID_`) REFERENCES `act_ge_bytearray` (`id_`),
  CONSTRAINT `ACT_FK_TIMER_JOB_EXECUTION` FOREIGN KEY (`EXECUTION_ID_`) REFERENCES `act_ru_execution` (`id_`),
  CONSTRAINT `ACT_FK_TIMER_JOB_PROCESS_INSTANCE` FOREIGN KEY (`PROCESS_INSTANCE_ID_`) REFERENCES `act_ru_execution` (`id_`),
  CONSTRAINT `ACT_FK_TIMER_JOB_PROC_DEF` FOREIGN KEY (`PROC_DEF_ID_`) REFERENCES `act_re_procdef` (`id_`)
) ENGINE=InnoDB DEFAULT CHARSET=utf8 COLLATE=utf8_bin;

-- ----------------------------
-- Records of act_ru_timer_job
-- ----------------------------

-- ----------------------------
-- Table structure for act_ru_variable
-- ----------------------------
DROP TABLE IF EXISTS `act_ru_variable`;
CREATE TABLE `act_ru_variable` (
  `ID_` varchar(64) COLLATE utf8_bin NOT NULL,
  `REV_` int(11) DEFAULT NULL,
  `TYPE_` varchar(255) COLLATE utf8_bin NOT NULL,
  `NAME_` varchar(255) COLLATE utf8_bin NOT NULL,
  `EXECUTION_ID_` varchar(64) COLLATE utf8_bin DEFAULT NULL,
  `PROC_INST_ID_` varchar(64) COLLATE utf8_bin DEFAULT NULL,
  `TASK_ID_` varchar(64) COLLATE utf8_bin DEFAULT NULL,
  `BYTEARRAY_ID_` varchar(64) COLLATE utf8_bin DEFAULT NULL,
  `DOUBLE_` double DEFAULT NULL,
  `LONG_` bigint(20) DEFAULT NULL,
  `TEXT_` varchar(4000) COLLATE utf8_bin DEFAULT NULL,
  `TEXT2_` varchar(4000) COLLATE utf8_bin DEFAULT NULL,
  PRIMARY KEY (`ID_`),
  KEY `ACT_IDX_VARIABLE_TASK_ID` (`TASK_ID_`),
  KEY `ACT_FK_VAR_EXE` (`EXECUTION_ID_`),
  KEY `ACT_FK_VAR_PROCINST` (`PROC_INST_ID_`),
  KEY `ACT_FK_VAR_BYTEARRAY` (`BYTEARRAY_ID_`),
  CONSTRAINT `ACT_FK_VAR_BYTEARRAY` FOREIGN KEY (`BYTEARRAY_ID_`) REFERENCES `act_ge_bytearray` (`id_`),
  CONSTRAINT `ACT_FK_VAR_EXE` FOREIGN KEY (`EXECUTION_ID_`) REFERENCES `act_ru_execution` (`id_`),
  CONSTRAINT `ACT_FK_VAR_PROCINST` FOREIGN KEY (`PROC_INST_ID_`) REFERENCES `act_ru_execution` (`id_`)
) ENGINE=InnoDB DEFAULT CHARSET=utf8 COLLATE=utf8_bin;

-- ----------------------------
-- Records of act_ru_variable
-- ----------------------------

-- ----------------------------
-- Table structure for demo_demo
-- ----------------------------
DROP TABLE IF EXISTS `demo_demo`;
CREATE TABLE `demo_demo` (
  `demoId` varchar(32) CHARACTER SET utf8mb4 COLLATE utf8mb4_general_ci DEFAULT NULL,
  `demoText1` varchar(255) DEFAULT NULL,
  `demoText2` varchar(255) DEFAULT NULL,
  `demoNumber1` int(11) DEFAULT NULL,
  `demoNumber2` int(11) DEFAULT NULL,
  `demoBoolean1` bit(1) DEFAULT NULL,
  `demoBoolean2` bit(1) DEFAULT NULL,
  `demoTime1` datetime DEFAULT NULL,
  `demoTime2` datetime DEFAULT NULL
) ENGINE=InnoDB DEFAULT CHARSET=utf8mb4 COLLATE=utf8mb4_general_ci;

-- ----------------------------
-- Records of demo_demo
-- ----------------------------
INSERT INTO `demo_demo` VALUES ('b3695b83d77142c794eefc1c9e48fb1c', '1', '1', '2', '-2', '\0', '', '2019-03-05 14:42:29', '2019-03-05 14:42:30');
INSERT INTO `demo_demo` VALUES ('4a0a9eb55dc749118bf2ce9e3ee6b2be', '123', '@##qwerty', '2', '-2', '', '\0', '2019-04-09 17:47:35', '2019-04-09 17:47:36');
INSERT INTO `demo_demo` VALUES ('7b7f39255354469b94da79961210d9d4', '123', '321', '2', '-4', '', '\0', '2019-04-10 10:03:30', '2019-04-10 10:03:31');
INSERT INTO `demo_demo` VALUES ('9bf280ab6c964b04aaa15a99ed65be05', '001', '003', '2', '2', '', '\0', '2019-04-10 10:27:58', '2019-04-08 00:00:00');
INSERT INTO `demo_demo` VALUES ('7d6117e211f747a6a611648787146f87', 'test', 'test', '1', '-1', '', '\0', '2019-04-10 10:41:10', '2019-04-10 10:41:11');
INSERT INTO `demo_demo` VALUES ('fe45aa3dc76c44b3aaca53ca3a51b2b2', 't5e', 'test', '1', '-1', '\0', '', '2019-04-10 10:42:49', '2019-04-18 00:00:00');
INSERT INTO `demo_demo` VALUES ('b354c71d5ff04d1f905655ddb8ebbfc9', 'test1', 'test1', '-1', '-1', '\0', '', '2019-04-10 10:44:07', '2019-04-10 10:44:09');
INSERT INTO `demo_demo` VALUES ('f9a564f96eef466eb093088f66087895', '1', '2', '10', '29', '\0', '\0', '2019-04-10 11:57:36', '2019-04-10 11:57:39');
INSERT INTO `demo_demo` VALUES ('deb45228ee8c4b20a261fb9bb02a0fdc', '1', '2', '10', '29', '\0', '\0', '2019-04-10 11:59:03', '2019-04-10 11:59:06');
INSERT INTO `demo_demo` VALUES ('eb4a37a6fa9f4ca79f86f1ae0f847125', '1', '2', '10', '29', '\0', '\0', '2019-04-10 11:59:43', '2019-04-10 11:59:46');
INSERT INTO `demo_demo` VALUES ('5ec1e2499d654cd2b79bba180fcfdc59', '1', '2', '10', '29', '\0', '\0', '2019-04-10 12:00:25', '2019-04-10 12:00:28');
INSERT INTO `demo_demo` VALUES ('d179fadbc8f2422ba16a20e3b562713b', '1', '2', '10', '29', '\0', '\0', '2019-04-10 12:01:09', '2019-04-10 12:01:12');
INSERT INTO `demo_demo` VALUES ('0f63f390ae414ebeb36a845e16d69c3c', '1', '2', '10', '29', '\0', '\0', '2019-04-10 12:01:52', '2019-04-10 12:01:55');
INSERT INTO `demo_demo` VALUES ('78e41209952b40299ef12ae6b3337a1e', '1', '2', '10', '29', '\0', '\0', '2019-04-10 12:02:37', '2019-04-10 12:02:40');
INSERT INTO `demo_demo` VALUES ('77ea0929b3c648188c70b24ddfe35374', '1', '2', '10', '29', '\0', '\0', '2019-04-10 12:03:23', '2019-04-10 12:03:28');
INSERT INTO `demo_demo` VALUES ('d201527b8aa4410a8ac966abf8da6114', '1', '2', '10', '29', '\0', '\0', '2019-04-10 12:04:07', '2019-04-10 12:04:10');
INSERT INTO `demo_demo` VALUES ('ef95bde0a502489cb7af8f4eabc2e864', '1', '2', '10', '29', '\0', '\0', '2019-04-10 12:05:25', '2019-04-10 12:05:28');
INSERT INTO `demo_demo` VALUES ('0d05ffc1ebe04bd19925977a66054600', '1', '2', '10', '29', '\0', '\0', '2019-04-10 14:37:14', '2019-04-10 14:37:17');
INSERT INTO `demo_demo` VALUES ('2a608aa7eb9547e3ba9dcd6a37776c6b', '1', '2', '10', '29', '\0', '\0', '2019-04-10 14:37:54', '2019-04-10 14:37:57');
INSERT INTO `demo_demo` VALUES ('6ff0549ea1e54772a0ad016d930bd586', '1', '2', '10', '29', '\0', '\0', '2019-04-10 14:38:35', '2019-04-10 14:38:38');
INSERT INTO `demo_demo` VALUES ('ad733b49675d4ceea0b20dc1f8a40a4c', '1', '2', '10', '29', '\0', '\0', '2019-04-10 14:39:16', '2019-04-10 14:39:19');
INSERT INTO `demo_demo` VALUES ('da00074167b54bfc9352ce0ca085f5fb', '1', '2', '10', '29', '\0', '\0', '2019-04-10 14:39:57', '2019-04-10 14:40:00');
INSERT INTO `demo_demo` VALUES ('4ed34dfcb7644bd09028abfcfff49cf1', '1', '2', '10', '29', '\0', '\0', '2019-04-10 14:40:39', '2019-04-10 14:40:42');
INSERT INTO `demo_demo` VALUES ('1a0ebf4c096842f8b99626f8b7d6cc9f', '1', '2', '10', '29', '\0', '\0', '2019-04-10 14:41:21', '2019-04-10 14:41:24');
INSERT INTO `demo_demo` VALUES ('8263a41f4b914039bc5ce3d5ecf004e1', '1', '2', '10', '29', '\0', '\0', '2019-04-10 14:44:38', '2019-04-10 14:44:41');
INSERT INTO `demo_demo` VALUES ('fe3d6f5d8ab241f9b174eb45417eb659', '1', '2', '10', '29', '\0', '\0', '2019-04-10 14:48:57', '2019-04-10 14:49:00');
INSERT INTO `demo_demo` VALUES ('317b11da2bfe469d8564e7fdc11ec8a9', '1', '2', '10', '29', '\0', '\0', '2019-04-10 14:56:52', '2019-04-10 14:56:54');
INSERT INTO `demo_demo` VALUES ('ebcb20601bb14e25bdc99abded489cf9', '11', '111', '1', '1', '\0', '\0', '2019-04-10 14:57:41', '2019-04-10 14:57:42');
INSERT INTO `demo_demo` VALUES ('057a4be047af45bcab784e85aac0fa92', '1', '2', '10', '29', '\0', '\0', '2019-04-10 14:59:36', '2019-04-10 14:59:38');
INSERT INTO `demo_demo` VALUES ('03891f6e4e72428da6a5fed58a3974b2', '1', '1', '1', '0', '\0', '\0', '2019-04-10 15:00:40', '2019-04-10 15:00:41');
INSERT INTO `demo_demo` VALUES ('8ab01245836d45e5977148e1183f0e59', '1', '2', '10', '29', '\0', '\0', '2019-04-10 15:02:19', '2019-04-10 15:02:21');
INSERT INTO `demo_demo` VALUES ('9674075372b4490cb9fdd981c950b155', '1', '2', '10', '29', '\0', '\0', '2019-04-10 15:03:59', '2019-04-10 15:04:01');
INSERT INTO `demo_demo` VALUES ('19ca126c420740aa9f0b17bc85275b5d', '1', '2', '10', '29', '\0', '\0', '2019-04-10 15:04:25', '2019-04-10 15:04:27');
INSERT INTO `demo_demo` VALUES ('9a95e2ae301f414691b001b3edb708ea', '1', '2', '10', '29', '\0', '\0', '2019-04-10 15:04:53', '2019-04-10 15:04:56');
INSERT INTO `demo_demo` VALUES ('d216a74a9d1e43d2a54233f6c80774b7', '1', '1', '0', '0', '\0', '\0', '2019-04-10 15:05:01', '2019-04-10 15:05:02');
INSERT INTO `demo_demo` VALUES ('f98f60633f324956996b68663b4a8a77', '1', '2', '10', '29', '\0', '\0', '2019-04-10 15:05:20', '2019-04-10 15:05:23');
INSERT INTO `demo_demo` VALUES ('65da8b1efb544f8199fcbfbda0bc494a', '1', '2', '10', '29', '\0', '\0', '2019-04-10 15:05:46', '2019-04-10 15:05:49');
INSERT INTO `demo_demo` VALUES ('be203997ba824ede8c293f66a7b94e0a', '1', '2', '10', '29', '\0', '\0', '2019-04-10 15:08:07', '2019-04-10 15:08:10');
INSERT INTO `demo_demo` VALUES ('931e6b5050124279aedc4bfc6a3b2a0a', '1', '2', '10', '29', '\0', '\0', '2019-04-10 15:08:34', '2019-04-10 15:08:37');
INSERT INTO `demo_demo` VALUES ('b88fdd6570d145578abbcaf9577de481', '1', '2', '10', '29', '\0', '\0', '2019-04-10 15:09:11', '2019-04-10 15:09:13');
INSERT INTO `demo_demo` VALUES ('e8928744364f43e58a33751ca013dac0', '1', '2', '10', '29', '\0', '\0', '2019-04-10 15:09:39', '2019-04-10 15:09:41');
INSERT INTO `demo_demo` VALUES ('79a9c61d10944d87971dc218d0f9f142', '1', '2', '10', '29', '\0', '\0', '2019-04-10 15:10:05', '2019-04-10 15:10:08');
INSERT INTO `demo_demo` VALUES ('7216ae922a4c4362b3240e09e992ffd5', '1', '2', '10', '29', '\0', '\0', '2019-04-10 15:12:47', '2019-04-10 15:12:49');
INSERT INTO `demo_demo` VALUES ('62f157f05ea14d79b12af2e4519362db', '1', '2', '10', '29', '\0', '\0', '2019-04-10 15:12:59', '2019-04-10 15:13:02');
INSERT INTO `demo_demo` VALUES ('528752fdb817456ba4a2f260d6ddfed5', '1', '2', '10', '29', '\0', '\0', '2019-04-10 15:13:14', '2019-04-10 15:13:17');
INSERT INTO `demo_demo` VALUES ('c002151e735949ec91b1a97b72a4e95f', '1', '2', '10', '29', '\0', '\0', '2019-04-10 15:13:25', '2019-04-10 15:13:27');
INSERT INTO `demo_demo` VALUES ('bb229c33dabd421cad32a762d9d4da23', '1', '2', '10', '29', '\0', '\0', '2019-04-10 15:13:42', '2019-04-10 15:13:44');
INSERT INTO `demo_demo` VALUES ('d4ab75ff239747de8c1dd04ccf81ea91', '1', '2', '10', '29', '\0', '\0', '2019-04-10 15:13:50', '2019-04-10 15:13:52');
INSERT INTO `demo_demo` VALUES ('e84cf42df8d54ac1b3a69968150c33c2', '1', '2', '10', '29', '\0', '\0', '2019-04-10 15:14:11', '2019-04-10 15:14:14');
INSERT INTO `demo_demo` VALUES ('7ce60b96039b466fb2b9015d4bd962fa', '1', '2', '10', '29', '\0', '\0', '2019-04-10 15:14:15', '2019-04-10 15:14:17');
INSERT INTO `demo_demo` VALUES ('4028a31075174bf4a4e4da8be7649ff8', '1', '2', '10', '29', '\0', '\0', '2019-04-10 15:14:40', '2019-04-10 15:14:42');
INSERT INTO `demo_demo` VALUES ('cc9d92309ab141148224100b0e255035', '1', '2', '10', '29', '\0', '\0', '2019-04-10 15:14:41', '2019-04-10 15:14:44');
INSERT INTO `demo_demo` VALUES ('a904e0640eff47348589ad8ba9eda2f3', '1', '2', '10', '29', '\0', '\0', '2019-04-10 15:16:43', '2019-04-10 15:16:45');
INSERT INTO `demo_demo` VALUES ('b9b53866ee7f4a61b43dee86a0c4d171', '1', '2', '10', '29', '\0', '\0', '2019-04-10 15:17:08', '2019-04-10 15:17:10');
INSERT INTO `demo_demo` VALUES ('87e2d30fa2f34bfb87725aca3bb505ee', '1', '2', '10', '29', '\0', '\0', '2019-04-10 15:17:33', '2019-04-10 15:17:35');
INSERT INTO `demo_demo` VALUES ('818d7580841f4b1996451ecd50afb3f9', '1', '2', '10', '29', '\0', '\0', '2019-04-10 15:17:37', '2019-04-10 15:17:39');
INSERT INTO `demo_demo` VALUES ('30c877bc2fb548c18d178392e5294f1a', '1', '2', '10', '29', '\0', '\0', '2019-04-10 15:17:58', '2019-04-10 15:18:00');
INSERT INTO `demo_demo` VALUES ('7f643e302ee3447cba3ff26600374a58', '1', '2', '10', '29', '\0', '\0', '2019-04-10 15:18:05', '2019-04-10 15:18:08');
INSERT INTO `demo_demo` VALUES ('004dd952695c4f06a58b210fe9e3de36', '1', '2', '10', '29', '\0', '\0', '2019-04-10 15:18:23', '2019-04-10 15:18:26');
INSERT INTO `demo_demo` VALUES ('7a0f4d6d759742baa1a92744a72ae979', '1', '2', '10', '29', '\0', '\0', '2019-04-10 15:18:36', '2019-04-10 15:18:39');
INSERT INTO `demo_demo` VALUES ('056450e05be648c287e392c952d0a8c4', '1', '2', '10', '29', '\0', '\0', '2019-04-10 15:19:32', '2019-04-10 15:19:35');
INSERT INTO `demo_demo` VALUES ('8c8c1de55ca2444090300c92e1fd772b', '1', '2', '10', '29', '\0', '\0', '2019-04-10 15:22:25', '2019-04-10 15:22:28');
INSERT INTO `demo_demo` VALUES ('8d4ff90bed524c82a60c18ea8594e500', '1', '2', '10', '29', '\0', '\0', '2019-04-10 15:22:40', '2019-04-10 15:22:42');
INSERT INTO `demo_demo` VALUES ('321be4884384437180417e741363df56', '1', '2', '10', '29', '\0', '\0', '2019-04-10 15:22:50', '2019-04-10 15:22:53');
INSERT INTO `demo_demo` VALUES ('8980d2e4d8ad4047a394cb29f863b675', '1', '2', '10', '29', '\0', '\0', '2019-04-10 15:23:05', '2019-04-10 15:23:07');
INSERT INTO `demo_demo` VALUES ('bd92067e7de2440e9322b3a5f36138e3', '1', '2', '10', '29', '\0', '\0', '2019-04-10 15:23:15', '2019-04-10 15:23:18');
INSERT INTO `demo_demo` VALUES ('db45370933f545a38e01e3b8d589fe88', '1', '2', '10', '29', '\0', '\0', '2019-04-10 15:23:30', '2019-04-10 15:23:32');
INSERT INTO `demo_demo` VALUES ('3896b8b8ac3a4d7bbd9f176b60a7ddde', '1', '2', '10', '29', '\0', '\0', '2019-04-10 15:23:41', '2019-04-10 15:23:43');
INSERT INTO `demo_demo` VALUES ('cd90be5e30e340d89197affd8cda82d9', '1', '2', '10', '29', '\0', '\0', '2019-04-10 15:23:55', '2019-04-10 15:23:57');
INSERT INTO `demo_demo` VALUES ('b98b75767e7d447c9dce913230f024ac', '1', '2', '10', '29', '\0', '\0', '2019-04-10 15:24:06', '2019-04-10 15:24:09');
INSERT INTO `demo_demo` VALUES ('bf650414780b4a9b963ff8e4b7f55652', '1', '2', '10', '29', '\0', '\0', '2019-04-10 15:24:20', '2019-04-10 15:24:23');
INSERT INTO `demo_demo` VALUES ('550ba4f0c5f94f9e8416742433649e91', '1', '2', '10', '29', '\0', '\0', '2019-04-10 15:24:31', '2019-04-10 15:24:34');
INSERT INTO `demo_demo` VALUES ('cc2107c0794548429c4297deebac693f', '1', '2', '10', '29', '\0', '\0', '2019-04-10 15:24:56', '2019-04-10 15:24:59');
INSERT INTO `demo_demo` VALUES ('d88f10463fc448318958b83786cf9162', '1', '2', '10', '29', '\0', '\0', '2019-04-10 15:25:12', '2019-04-10 15:25:14');
INSERT INTO `demo_demo` VALUES ('c64dc961d51f458fa8076948dd76c00f', '1', '2', '10', '29', '\0', '\0', '2019-04-10 15:25:22', '2019-04-10 15:25:24');
INSERT INTO `demo_demo` VALUES ('def71e7924ef4c288545cf356fe15ac1', '1', '2', '10', '29', '\0', '\0', '2019-04-10 15:25:37', '2019-04-10 15:25:39');
INSERT INTO `demo_demo` VALUES ('c1ace3b955d544f187156a35f0794806', '1', '2', '10', '29', '\0', '\0', '2019-04-10 15:25:47', '2019-04-10 15:25:49');
INSERT INTO `demo_demo` VALUES ('343da7cbc9ab4af286d754c209186069', '1', '2', '10', '29', '\0', '\0', '2019-04-10 15:26:02', '2019-04-10 15:26:04');
INSERT INTO `demo_demo` VALUES ('fb116072fb054b4883a47d9477642b92', '1', '2', '10', '29', '\0', '\0', '2019-04-10 15:26:12', '2019-04-10 15:26:15');
INSERT INTO `demo_demo` VALUES ('b9305faab2a44cca86e0214df8dcf076', '1', '2', '10', '29', '\0', '\0', '2019-04-10 15:26:27', '2019-04-10 15:26:30');
INSERT INTO `demo_demo` VALUES ('a194aea8afcf4d6792af9f82f9d62d41', '1', '2', '10', '29', '\0', '\0', '2019-04-10 15:26:38', '2019-04-10 15:26:42');
INSERT INTO `demo_demo` VALUES ('9b5bdca3b883418392adf010a129540b', '1', '2', '10', '29', '\0', '\0', '2019-04-10 15:26:52', '2019-04-10 15:26:55');
INSERT INTO `demo_demo` VALUES ('b197518d1b134be0996454b837db47b8', '1', '2', '10', '29', '\0', '\0', '2019-04-10 15:27:06', '2019-04-10 15:27:09');
INSERT INTO `demo_demo` VALUES ('8eb01675190c4fdc99304d748e7a1a8f', '1', '2', '10', '29', '\0', '\0', '2019-04-10 15:27:32', '2019-04-10 15:27:35');
INSERT INTO `demo_demo` VALUES ('5269847b56e343ae8d0b6c3b984db660', '1', '2', '10', '29', '\0', '\0', '2019-04-10 15:27:58', '2019-04-10 15:28:00');
INSERT INTO `demo_demo` VALUES ('865c2163597341a7850b20ec172d6b32', '1', '2', '10', '29', '\0', '\0', '2019-04-10 15:28:00', '2019-04-10 15:28:02');
INSERT INTO `demo_demo` VALUES ('16379515da0b48999f73ab742de10091', '1', '2', '10', '29', '\0', '\0', '2019-04-10 15:28:23', '2019-04-10 15:28:26');
INSERT INTO `demo_demo` VALUES ('28c44c8d141147e7a7f534ed06aab2af', '1', '2', '10', '29', '\0', '\0', '2019-04-10 15:28:25', '2019-04-10 15:28:27');
INSERT INTO `demo_demo` VALUES ('92800c31a9bc4ac3ab5cd46e0a47883b', '1', '2', '10', '29', '\0', '\0', '2019-04-10 15:28:49', '2019-04-10 15:28:51');
INSERT INTO `demo_demo` VALUES ('b7f3ba6aeb3e4e65b944e2002a39bce5', '1', '2', '10', '29', '\0', '\0', '2019-04-10 15:28:50', '2019-04-10 15:28:52');
INSERT INTO `demo_demo` VALUES ('18afd7c324154e3c8b2e6673235e2cf9', '1', '2', '10', '29', '\0', '\0', '2019-04-10 15:29:14', '2019-04-10 15:29:17');
INSERT INTO `demo_demo` VALUES ('10df971128214b6ead6c88d95206a47a', '1', '2', '10', '29', '\0', '\0', '2019-04-10 15:29:15', '2019-04-10 15:29:17');
INSERT INTO `demo_demo` VALUES ('94f1840ca8244e8bb9e878100178408b', '1', '2', '10', '29', '\0', '\0', '2019-04-10 15:29:39', '2019-04-10 15:29:42');
INSERT INTO `demo_demo` VALUES ('3655d2f626c04909ba56826150b47881', '1', '2', '10', '29', '\0', '\0', '2019-04-10 15:29:40', '2019-04-10 15:29:42');
INSERT INTO `demo_demo` VALUES ('35ef360b5a0a4d11be1bbbedfde5e3a4', '1', '2', '10', '29', '\0', '\0', '2019-04-10 15:30:05', '2019-04-10 15:30:08');
INSERT INTO `demo_demo` VALUES ('aa73149b2c5d4c749cbdbaa4fdecb693', '1', '2', '10', '29', '\0', '\0', '2019-04-10 15:30:30', '2019-04-10 15:30:33');
INSERT INTO `demo_demo` VALUES ('98a10b73ceae4ee99207981eeeffbf6f', '1', '2', '10', '29', '\0', '\0', '2019-04-10 15:30:56', '2019-04-10 15:30:59');
INSERT INTO `demo_demo` VALUES ('95ada602977e4815bdb9449e702fe8c1', '1', '2', '10', '29', '\0', '\0', '2019-04-10 15:31:22', '2019-04-10 15:31:24');
INSERT INTO `demo_demo` VALUES ('bc303b60f2b146f0954ef80a1a4a895c', '1', '2', '10', '29', '\0', '\0', '2019-04-10 15:31:48', '2019-04-10 15:31:51');
INSERT INTO `demo_demo` VALUES ('d9770aa2065c41b88dda2eec7386c18c', '1', '2', '10', '29', '\0', '\0', '2019-04-10 15:32:14', '2019-04-10 15:32:16');
INSERT INTO `demo_demo` VALUES ('bdb158b3fa404adda5ce967a55b6bd47', '1', '2', '10', '29', '\0', '\0', '2019-04-10 15:32:39', '2019-04-10 15:32:42');
INSERT INTO `demo_demo` VALUES ('d364295064604d32912ccc38df9130fc', '1', '2', '10', '29', '\0', '\0', '2019-04-10 15:33:05', '2019-04-10 15:33:08');
INSERT INTO `demo_demo` VALUES ('b1357b7a40ff44e8ab5914de2b8232e7', '1', '2', '10', '29', '\0', '\0', '2019-04-10 15:33:31', '2019-04-10 15:33:34');
INSERT INTO `demo_demo` VALUES ('d5e6df122bca459b82be4eac803e933e', '1', '2', '10', '29', '\0', '\0', '2019-04-10 15:33:58', '2019-04-10 15:34:01');
INSERT INTO `demo_demo` VALUES ('8bf34dd37f6c405eb9c7ed443c0e457b', '1', '2', '10', '29', '\0', '\0', '2019-04-10 15:34:24', '2019-04-10 15:34:27');
INSERT INTO `demo_demo` VALUES ('67d9de071daa4a31b8cccbf3e8cebb3c', '1', '2', '10', '29', '\0', '\0', '2019-04-10 15:34:50', '2019-04-10 15:34:52');
INSERT INTO `demo_demo` VALUES ('62a385d6cb1642779b12f431164af506', '1', '2', '10', '29', '\0', '\0', '2019-04-10 15:35:15', '2019-04-10 15:35:18');
INSERT INTO `demo_demo` VALUES ('a86269bdb5ab4480b318c79f0d3299ff', '1', '2', '10', '29', '\0', '\0', '2019-04-10 15:35:41', '2019-04-10 15:35:43');
INSERT INTO `demo_demo` VALUES ('4aa6cdca4d8c4eef8976c7c3e1de55a3', '1', '2', '10', '29', '\0', '\0', '2019-04-10 15:36:06', '2019-04-10 15:36:09');
INSERT INTO `demo_demo` VALUES ('a2433ec1405b479eb0ae028b4a30480b', '1', '2', '10', '29', '\0', '\0', '2019-04-10 15:36:32', '2019-04-10 15:36:34');
INSERT INTO `demo_demo` VALUES ('0ea4b6d8a65a4644a37f549b52732977', '1', '2', '10', '29', '\0', '\0', '2019-04-10 15:36:57', '2019-04-10 15:36:59');
INSERT INTO `demo_demo` VALUES ('50db048f053d424c98301b261f5f227c', '1', '2', '10', '29', '\0', '\0', '2019-04-10 15:37:22', '2019-04-10 15:37:24');
INSERT INTO `demo_demo` VALUES ('8f5bcd62e90549c28f383d9c6337d3b6', '1', '2', '10', '29', '\0', '\0', '2019-04-10 15:37:47', '2019-04-10 15:37:50');
INSERT INTO `demo_demo` VALUES ('b82584e4a61d4ec0ba3114ab767a40fd', '1', '2', '10', '29', '\0', '\0', '2019-04-10 15:38:12', '2019-04-10 15:38:15');
INSERT INTO `demo_demo` VALUES ('4a59a9c3c0474e95b225067bf3a7700a', '1', '2', '10', '29', '\0', '\0', '2019-04-10 15:38:38', '2019-04-10 15:38:40');
INSERT INTO `demo_demo` VALUES ('98310367b0e64fdfb2b092d66a23d1a5', '1', '2', '10', '29', '\0', '\0', '2019-04-10 15:39:03', '2019-04-10 15:39:05');
INSERT INTO `demo_demo` VALUES ('18bea3ecf216414cb9b3fde1d1fb15d6', '1', '2', '10', '29', '\0', '\0', '2019-04-10 15:39:28', '2019-04-10 15:39:31');
INSERT INTO `demo_demo` VALUES ('d78463baaf4e4315842a0a2430afa3ce', '1', '2', '10', '29', '\0', '\0', '2019-04-10 15:39:54', '2019-04-10 15:39:56');
INSERT INTO `demo_demo` VALUES ('59870b8d76704ed2abf0a5c505d324ac', '1', '2', '10', '29', '\0', '\0', '2019-04-10 15:40:19', '2019-04-10 15:40:21');
INSERT INTO `demo_demo` VALUES ('fbd553be5f4e4ee68967c8865093679f', '1', '2', '10', '29', '\0', '\0', '2019-04-10 15:40:44', '2019-04-10 15:40:47');
INSERT INTO `demo_demo` VALUES ('8bd3c7ba72c6448f9e8580035a92002b', '1', '2', '10', '29', '\0', '\0', '2019-04-10 15:41:10', '2019-04-10 15:41:12');
INSERT INTO `demo_demo` VALUES ('1447bd00d0b64e738fd9975f3d024f9a', '1', '2', '10', '29', '\0', '\0', '2019-04-10 15:41:35', '2019-04-10 15:41:37');
INSERT INTO `demo_demo` VALUES ('43a2f6974100436dbf1d1d7933beca4e', '1', '2', '10', '29', '\0', '\0', '2019-04-10 15:42:01', '2019-04-10 15:42:03');
INSERT INTO `demo_demo` VALUES ('0ce43c4536e74479befa316d340c9104', '1', '2', '10', '29', '\0', '\0', '2019-04-10 15:42:26', '2019-04-10 15:42:29');
INSERT INTO `demo_demo` VALUES ('dd31dc923a7243a49bacbb27617e36f4', '3', '3', '2', '2', '', '\0', '2019-04-11 16:04:11', '2019-04-11 16:04:12');
INSERT INTO `demo_demo` VALUES ('9d411e3c00174444908a3966cdbcd8f5', '123', '321', '1', '-1', '', '', '2019-04-11 16:36:52', '2019-04-11 16:36:54');

-- ----------------------------
-- Table structure for sys_rights
-- ----------------------------
DROP TABLE IF EXISTS `sys_rights`;
CREATE TABLE `sys_rights` (
  `rightsId` int(11) unsigned NOT NULL AUTO_INCREMENT,
  `url` varchar(255) DEFAULT NULL,
  `rightsCode` varchar(255) CHARACTER SET utf8mb4 COLLATE utf8mb4_general_ci DEFAULT NULL,
  `rightsName` varchar(255) CHARACTER SET utf8mb4 COLLATE utf8mb4_general_ci DEFAULT NULL,
  `rightsType` int(2) DEFAULT NULL,
  `parentId` int(11) unsigned DEFAULT NULL,
  `icon` varchar(255) CHARACTER SET utf8mb4 COLLATE utf8mb4_general_ci DEFAULT NULL,
  `sorting` int(11) DEFAULT NULL,
  PRIMARY KEY (`rightsId`)
) ENGINE=InnoDB AUTO_INCREMENT=24 DEFAULT CHARSET=utf8mb4 COLLATE=utf8mb4_general_ci;

-- ----------------------------
-- Records of sys_rights
-- ----------------------------
INSERT INTO `sys_rights` VALUES ('1', '#', 'system', '', '0', '0', 'el-icon-setting', '0');
INSERT INTO `sys_rights` VALUES ('2', '/user/listPage', 'user-list', '', '1', '1', null, '2');
INSERT INTO `sys_rights` VALUES ('3', '/user/findById', 'user-detail', '', '2', '2', null, '0');
INSERT INTO `sys_rights` VALUES ('4', '/user/save', 'user-add', '', '2', '2', null, '0');
INSERT INTO `sys_rights` VALUES ('5', '/user/edit', 'user-edit', '', '2', '2', null, '0');
INSERT INTO `sys_rights` VALUES ('6', '/user/delete', 'user-delete', '', '2', '2', null, '0');
INSERT INTO `sys_rights` VALUES ('7', '/role/listPage', 'role-list', '', '1', '1', null, '1');
INSERT INTO `sys_rights` VALUES ('8', '/role/findById', 'role-detail', '', '2', '7', null, '0');
INSERT INTO `sys_rights` VALUES ('9', '/role/save', 'role-add', '', '2', '7', null, '0');
INSERT INTO `sys_rights` VALUES ('10', '/role/edit', 'role-edit', '', '2', '7', null, '0');
INSERT INTO `sys_rights` VALUES ('11', '/role/delete', 'role-delete', '', '2', '7', null, '0');
INSERT INTO `sys_rights` VALUES ('12', '/rights/listPage', 'rights-list', '', '1', '1', null, '0');
INSERT INTO `sys_rights` VALUES ('13', '/rights/findById', 'rights-detail', '', '2', '12', null, '0');
INSERT INTO `sys_rights` VALUES ('14', '/rights/save', 'rights-add', '', '2', '12', null, '0');
INSERT INTO `sys_rights` VALUES ('15', '/rights/edit', 'rights-edit', '', '2', '12', null, '0');
INSERT INTO `sys_rights` VALUES ('16', '/rights/delete', 'rights-delete', '', '2', '12', null, '0');
INSERT INTO `sys_rights` VALUES ('17', '#', 'demo', '', '0', '0', 'el-icon-document', '1');
INSERT INTO `sys_rights` VALUES ('18', '/demo/listPage', 'demo-list', '', '1', '17', null, '1');
INSERT INTO `sys_rights` VALUES ('19', '/demo/edit', 'demo-edit', '', '2', '18', null, '1');
INSERT INTO `sys_rights` VALUES ('20', '/demo/save', 'demo-add', '', '2', '18', null, '1');
INSERT INTO `sys_rights` VALUES ('21', '/demo/delete', 'demo-delete', '', '2', '18', null, '1');
INSERT INTO `sys_rights` VALUES ('22', '/demo/findById', 'demo-detail', '', '2', '18', null, '1');

-- ----------------------------
-- Table structure for sys_role
-- ----------------------------
DROP TABLE IF EXISTS `sys_role`;
CREATE TABLE `sys_role` (
  `roleId` varchar(32) NOT NULL,
  `roleName` varchar(255) DEFAULT NULL,
  `sorting` int(11) DEFAULT NULL,
  PRIMARY KEY (`roleId`)
) ENGINE=InnoDB DEFAULT CHARSET=utf8mb4 COLLATE=utf8mb4_general_ci;

-- ----------------------------
-- Records of sys_role
-- ----------------------------
INSERT INTO `sys_role` VALUES ('a23ffac219244049a45c35c7cf3de9dc', '', '0');
INSERT INTO `sys_role` VALUES ('a91e450f8f3148b0a13b915cab7d3bd1', '', '0');

-- ----------------------------
-- Table structure for sys_role_rights
-- ----------------------------
DROP TABLE IF EXISTS `sys_role_rights`;
CREATE TABLE `sys_role_rights` (
  `id` varchar(32) NOT NULL,
  `roleId` varchar(32) NOT NULL,
  `rightsId` int(11) unsigned NOT NULL,
  PRIMARY KEY (`id`)
) ENGINE=InnoDB DEFAULT CHARSET=utf8mb4 COLLATE=utf8mb4_general_ci;

-- ----------------------------
-- Records of sys_role_rights
-- ----------------------------
INSERT INTO `sys_role_rights` VALUES ('1', 'a23ffac219244049a45c35c7cf3de9dc', '0');
INSERT INTO `sys_role_rights` VALUES ('10', 'a23ffac219244049a45c35c7cf3de9dc', '8');
INSERT INTO `sys_role_rights` VALUES ('11', 'a23ffac219244049a45c35c7cf3de9dc', '9');
INSERT INTO `sys_role_rights` VALUES ('12', 'a23ffac219244049a45c35c7cf3de9dc', '10');
INSERT INTO `sys_role_rights` VALUES ('13', 'a23ffac219244049a45c35c7cf3de9dc', '11');
INSERT INTO `sys_role_rights` VALUES ('14', 'a23ffac219244049a45c35c7cf3de9dc', '12');
INSERT INTO `sys_role_rights` VALUES ('15', 'a23ffac219244049a45c35c7cf3de9dc', '13');
INSERT INTO `sys_role_rights` VALUES ('16', 'a23ffac219244049a45c35c7cf3de9dc', '14');
INSERT INTO `sys_role_rights` VALUES ('17', 'a23ffac219244049a45c35c7cf3de9dc', '15');
INSERT INTO `sys_role_rights` VALUES ('18', 'a23ffac219244049a45c35c7cf3de9dc', '16');
INSERT INTO `sys_role_rights` VALUES ('19', 'a23ffac219244049a45c35c7cf3de9dc', '17');
INSERT INTO `sys_role_rights` VALUES ('2', 'a23ffac219244049a45c35c7cf3de9dc', '1');
INSERT INTO `sys_role_rights` VALUES ('20', 'a23ffac219244049a45c35c7cf3de9dc', '18');
INSERT INTO `sys_role_rights` VALUES ('21', 'a23ffac219244049a45c35c7cf3de9dc', '19');
INSERT INTO `sys_role_rights` VALUES ('22', 'a23ffac219244049a45c35c7cf3de9dc', '20');
INSERT INTO `sys_role_rights` VALUES ('2230e6192ccb40cb844774710a6f1191', 'a91e450f8f3148b0a13b915cab7d3bd1', '18');
INSERT INTO `sys_role_rights` VALUES ('23', 'a23ffac219244049a45c35c7cf3de9dc', '21');
INSERT INTO `sys_role_rights` VALUES ('24', 'a23ffac219244049a45c35c7cf3de9dc', '22');
INSERT INTO `sys_role_rights` VALUES ('3', 'a23ffac219244049a45c35c7cf3de9dc', '1');
INSERT INTO `sys_role_rights` VALUES ('4', 'a23ffac219244049a45c35c7cf3de9dc', '2');
INSERT INTO `sys_role_rights` VALUES ('5', 'a23ffac219244049a45c35c7cf3de9dc', '3');
INSERT INTO `sys_role_rights` VALUES ('596410b815b14a5ba62f9af1d5a99ef0', 'a91e450f8f3148b0a13b915cab7d3bd1', '22');
INSERT INTO `sys_role_rights` VALUES ('6', 'a23ffac219244049a45c35c7cf3de9dc', '4');
INSERT INTO `sys_role_rights` VALUES ('7', 'a23ffac219244049a45c35c7cf3de9dc', '5');
INSERT INTO `sys_role_rights` VALUES ('8', 'a23ffac219244049a45c35c7cf3de9dc', '6');
INSERT INTO `sys_role_rights` VALUES ('9', 'a23ffac219244049a45c35c7cf3de9dc', '7');
INSERT INTO `sys_role_rights` VALUES ('c1ef7d9acc924c39b6db36cbbaec6cb4', 'a91e450f8f3148b0a13b915cab7d3bd1', '21');
INSERT INTO `sys_role_rights` VALUES ('d2faba6a916a45a28686ab53f773cce8', 'a91e450f8f3148b0a13b915cab7d3bd1', '17');
INSERT INTO `sys_role_rights` VALUES ('da401c56674c4456a7f3a6980deebaa7', 'a91e450f8f3148b0a13b915cab7d3bd1', '20');
INSERT INTO `sys_role_rights` VALUES ('ee736026869f43ccaa9b2cf1b2e0662f', 'a91e450f8f3148b0a13b915cab7d3bd1', '19');

-- ----------------------------
-- Table structure for sys_user
-- ----------------------------
DROP TABLE IF EXISTS `sys_user`;
CREATE TABLE `sys_user` (
  `userId` varchar(32) NOT NULL,
  `account` varchar(255) NOT NULL,
  `password` varchar(255) CHARACTER SET utf8mb4 COLLATE utf8mb4_general_ci NOT NULL,
  `userName` varchar(255) CHARACTER SET utf8mb4 COLLATE utf8mb4_general_ci NOT NULL,
  `locked` bit(1) NOT NULL,
  `disable` bit(1) NOT NULL,
  `specialRole` varchar(255) DEFAULT NULL,
  PRIMARY KEY (`userId`)
) ENGINE=InnoDB DEFAULT CHARSET=utf8mb4 COLLATE=utf8mb4_general_ci;

-- ----------------------------
-- Records of sys_user
-- ----------------------------
INSERT INTO `sys_user` VALUES ('1', 'admin', '$2a$10$UwdWOlIaEP7BKYBEsUBU9.3BQVat4upwz8s9Jp1W9j4e3qWJMXzCm', 'admin', '\0', '\0', 'ROLE_admin');
INSERT INTO `sys_user` VALUES ('b8e9ba17b06a4674b69342c93a7fd774', 'test', '$2a$10$ifNZ4DJwmS.d1/GtejoCa.fXzO625FB/XO6NLoU5ox.VtfqehSVHy', 'test', '\0', '\0', '');
INSERT INTO `sys_user` VALUES ('eda56955597847d39707fe0cfba4ebab', 'user', '$2a$10$pJlKA2REfYux5h2gYIGp4.PH5pd.Tl4kSnB9p/xID4UChOK7pShlq', 'user', '\0', '\0', '');

-- ----------------------------
-- Table structure for sys_user_role
-- ----------------------------
DROP TABLE IF EXISTS `sys_user_role`;
CREATE TABLE `sys_user_role` (
  `id` varchar(32) NOT NULL,
  `userId` varchar(32) NOT NULL,
  `roleId` varchar(32) NOT NULL,
  PRIMARY KEY (`id`)
) ENGINE=InnoDB DEFAULT CHARSET=utf8mb4 COLLATE=utf8mb4_general_ci;

-- ----------------------------
-- Records of sys_user_role
-- ----------------------------
INSERT INTO `sys_user_role` VALUES ('862944d73f9640c4942eee5a8ada5639', 'eda56955597847d39707fe0cfba4ebab', 'a91e450f8f3148b0a13b915cab7d3bd1');
INSERT INTO `sys_user_role` VALUES ('979cef4f08184372be3fe55501372472', '1', 'a91e450f8f3148b0a13b915cab7d3bd1');
INSERT INTO `sys_user_role` VALUES ('ce12ddb354c54704aabf456b8dd1238b', 'b8e9ba17b06a4674b69342c93a7fd774', 'a91e450f8f3148b0a13b915cab7d3bd1');
INSERT INTO `sys_user_role` VALUES ('f24992aead674928839c5bb80ddf8520', '1', 'a23ffac219244049a45c35c7cf3de9dc');
